timestamp,boiler_load_percent,furnace_temperature,steam_pressure,steam_temperature,steam_flow,feedwater_flow,fuel_flow,oxygen_percent,co2_percent,vibration,fan_speed,pump_pressure,valve_position,anomaly_label,fault_type,severity
2026-01-01 00:00:00,85.99342830602247,1073.9278374260846,147.63978590908494,470.0320971810469,435.64967350528764,459.00839749852935,172.4298159329284,3.657037016462075,17.339660457165966,2.7296206468040047,906.5418094077885,180.80867692471065,76.14437075998936,0.0,NORMAL,0.0
2026-01-01 00:01:00,84.72347139765763,1056.481050805704,146.79616975505542,468.2904952683841,433.46133954359277,456.68099241238855,170.13147737844636,3.14446380752596,17.80517116643648,2.8220238107231337,895.707216661308,179.87979319783523,69.02081522861846,0.0,NORMAL,0.0
2026-01-01 00:02:00,86.29537707620139,1063.5500744612157,147.85822577230218,473.3520021173781,441.5669697412292,463.8496750556606,173.11972406061565,3.642949129977789,17.339813374276844,2.6496069736406636,909.9668654567881,183.7015073248174,73.38071154920618,0.0,NORMAL,0.0
2026-01-01 00:03:00,88.04605971281605,1073.9912293511047,151.453166509946,489.0349300271429,452.5934502932972,476.89303261626065,176.81812151626153,3.453255188429655,17.618217984322115,1.917250692711469,931.012687362891,186.84730439943604,75.35352772349017,0.0,NORMAL,0.0
2026-01-01 00:04:00,84.53169325055333,1052.299165641669,143.01031054192242,473.7024318793365,425.8241744363625,449.8482122400024,169.95631134575106,3.641491542172876,17.486294123330175,2.453373270241672,901.3028251628429,180.14786402596394,72.65717191724193,0.0,NORMAL,0.0
2026-01-01 00:05:00,84.53172608610164,1049.2521147152338,147.22417654389835,463.0234380405941,435.62146679974484,458.1283080206553,170.48202941536897,3.655386338470966,17.401662394615393,2.1532877275249254,891.4620500753103,178.85156264100505,72.98637298103749,0.0,NORMAL,0.0
2026-01-01 00:06:00,88.15842563101478,1090.536188510425,152.24004939724662,488.6446568512582,437.27016999706,462.18216114796365,177.1562717426767,3.8215830122238317,17.188589308623342,2.439218268124578,936.5883587989898,185.8502322938539,76.74762014443081,0.0,NORMAL,0.0
2026-01-01 00:07:00,86.53486945830582,1071.7004125998778,148.16812692532235,470.9436450952593,439.52492452971006,463.9889455772799,173.27692606322685,3.7706907295242407,17.379110447506203,2.7940012708401682,911.4403342213237,182.33283756437984,74.15708068855396,0.0,NORMAL,0.0
2026-01-01 00:08:00,84.0610512281301,1051.1060394344943,147.41006817905995,475.8558710432331,427.8638869283928,450.5228479528414,169.6921363795078,3.7693143325220593,17.19940202017279,2.5915452507624916,886.3723762188166,178.0662059896466,71.51272441821672,0.0,NORMAL,0.0
2026-01-01 00:09:00,86.08512008717193,1055.4988487561136,151.00282040601098,469.8439162433561,443.5922345662159,467.63031665718887,172.75169510753634,3.788734063833248,17.314357870003445,2.8444272599192297,914.9441739634354,182.09164937837505,73.05291738041815,0.0,NORMAL,0.0
2026-01-01 00:10:00,84.07316461437507,1053.905586800094,142.89462719282466,471.09405377634175,430.4789773352597,455.6012480096637,169.11696901519784,3.5582757969631893,17.412917923201682,2.6025261762140617,895.3413280337888,178.35300685728927,71.03550008742336,0.0,NORMAL,0.0
2026-01-01 00:11:00,84.06854049285948,1042.6614009755187,144.5773611821568,473.6935436279185,423.314887195016,447.2141793682727,169.36034923918933,3.506437017407368,17.53666527839372,2.110502218099329,894.9424546124081,178.00778352868346,73.82991904294133,0.0,NORMAL,0.0
2026-01-01 00:12:00,85.48392454313206,1075.5918541575732,146.6876021151235,473.80092382010804,432.4946570865752,456.12817359580214,172.0676542954655,3.674563416635667,17.31408032688529,1.7437458980281797,898.2602583902299,180.83422135653734,72.09408267555263,0.0,NORMAL,0.0
2026-01-01 00:13:00,81.1734395106844,1004.8425169259483,139.88035306380888,444.9514158448144,416.86059760115904,439.46594416425603,163.89396879512955,3.6464161902866046,17.347998591448114,2.544642628503877,859.4046402164837,171.57018496839666,71.63229382656401,0.0,NORMAL,0.0
2026-01-01 00:14:00,81.55016433497393,1032.8612813813918,143.98419618632437,460.2265159208267,417.35548496554685,440.2998682842759,164.33983024164422,3.438186752652348,17.52407459560143,2.4358220600946505,869.6165863097559,174.04194768349936,70.27812963249889,0.0,NORMAL,0.0
2026-01-01 00:15:00,83.87542494151805,1040.733357249807,145.42548513473147,471.4852371550195,426.48150415941154,449.2938158094399,168.32019509318755,3.5809646817616536,17.553520721356417,2.2069162781854352,888.961958618,177.8273679452798,71.05783033950219,0.0,NORMAL,0.0
2026-01-01 00:16:00,82.97433775933115,1023.229197557167,143.9324769563755,451.6949486454826,422.4675198490958,443.48614633583156,168.03795660565814,3.492980706643081,17.433726689546067,1.9898118251045867,874.3749133623242,175.77423158437702,72.61628463895319,0.0,NORMAL,0.0
2026-01-01 00:17:00,85.62849466519054,1051.4460883113622,144.4350172689723,456.41765733399205,441.62331331174914,467.7466568878714,172.3541560620502,3.329213418307989,17.59676335643714,2.2795770359581873,908.5765363475326,180.50956007713188,72.0478878827062,0.0,NORMAL,0.0
2026-01-01 00:18:00,83.18395184895758,1028.6360454076325,146.0467638338548,459.19862387100807,423.3312963804418,446.6531861986633,167.2942335846044,3.75809214827527,17.45400720830924,2.441652554540567,878.2654821946185,175.03599058752405,72.82352956062249,0.0,NORMAL,0.0
2026-01-01 00:19:00,82.17539259732942,1025.9955854373134,140.7845721062872,463.15693817448,420.4365067665017,443.85647936994934,165.83274790618663,3.5110398485060177,17.586744907959417,2.699763347111917,880.7265502152552,175.6587493872082,71.16576632024712,0.0,NORMAL,0.0
2026-01-01 00:20:00,87.93129753784311,1084.541330258786,152.01681156729734,489.8178408522086,460.5061706296182,485.4735714112223,176.98732054865124,3.90974165153977,16.851746978590928,2.556589324470394,937.0371826905223,186.41723378381803,74.15238865209065,0.0,NORMAL,0.0
2026-01-01 00:21:00,84.54844739902693,1039.7474739508834,147.37742497445677,463.5831827699264,425.623823810715,448.1698982005262,170.29650889452353,3.1749015459600334,17.768572580118928,2.9824201741518186,898.5049611220471,177.4729769554839,73.69602754989066,0.0,NORMAL,0.0
2026-01-01 00:22:00,85.13505640937585,1051.1070181711486,150.42390180574108,468.38567423287947,426.41606838900594,449.5509473275075,172.51620481805205,3.3886442454313266,17.430156820812467,2.1893187831863816,908.1555976176074,181.03325511946136,74.20122457887797,0.0,NORMAL,0.0
2026-01-01 00:23:00,82.15050362757309,1042.9277398618494,140.6081146431214,472.9405996160186,424.67046646185844,446.30459502275704,165.16344654101866,3.5065277673381745,17.3984031633203,2.76431766761723,871.8289930263478,175.2234884253793,73.03544211367839,0.0,NORMAL,0.0
2026-01-01 00:24:00,83.91123455094963,1056.3877772105034,139.8278275147828,463.2064023857243,426.16295744827767,451.74819181874483,168.66358865489056,3.7274762195257827,16.958672313850812,2.5141896229386185,892.9395329813714,177.9468452242002,74.06128166557829,0.0,NORMAL,0.0
2026-01-01 00:25:00,85.22184517941973,1056.5816884909377,148.200466858637,470.6900715204601,434.51803825838556,457.00942817288245,171.50197961484568,3.579893874520437,17.406407167710167,2.7084007372355754,909.6070532707078,182.04180125459123,74.16002418498834,0.0,NORMAL,0.0
2026-01-01 00:26:00,82.69801284515539,1027.3601632332359,147.6480416307548,461.8961847429197,419.5842823351214,441.5315301680303,166.9317836581013,3.56209455083615,17.32371126724772,2.369045541020337,878.2076218605255,175.61274533243366,68.90322837370678,0.0,NORMAL,0.0
2026-01-01 00:27:00,85.75139603669135,1058.7142736340961,151.1049867609159,475.73180306006367,437.45797947961915,460.8906192492137,171.7495250582875,3.2745472414891705,17.731443284190473,2.821504112167177,906.238024509342,180.0859685454335,78.49829080570119,0.0,NORMAL,0.0
2026-01-01 00:28:00,83.7987226201624,1044.1224059289282,146.11740276079286,465.0999289056169,436.9863036612937,462.1236945692107,167.61466729458652,3.2686117205541056,17.568876153557643,2.588567427503573,879.4641164107384,177.9626142413731,69.2317456739863,0.0,NORMAL,0.0
2026-01-01 00:29:00,84.41661250041345,1033.9381993521504,145.64164637935608,463.7474847993894,436.09370479515786,459.91289903417845,169.53966736551683,3.564500932057981,17.443790253259223,2.2961665045246753,893.750457375527,179.07812230253964,74.43181634889538,0.0,NORMAL,0.0
2026-01-01 00:30:00,83.7965867755412,1035.3921023811786,147.30912535658643,451.7152041854065,433.29405143714087,455.72261821296746,167.77621207155275,3.2271788012363283,17.73132957095164,2.4963927913260435,892.0829836782235,176.98987670230426,72.89983705420556,0.0,NORMAL,0.0
2026-01-01 00:31:00,88.70455636901788,1070.359722951403,151.10974215411787,474.852647118892,446.44164656612617,472.01806725518986,178.19669706427294,3.393624449942134,17.756570846576725,2.42813324231887,941.7737308280169,187.98267157491318,73.61536035025208,0.0,NORMAL,0.0
2026-01-01 00:32:00,84.97300555052414,1053.7222867312942,148.41222386449863,473.75645825529006,429.1092590698563,453.2957226501346,171.19726094911292,3.6001834658171714,17.54095222035739,2.646753505191338,902.2518808338334,178.27834583485742,72.72980256266231,0.0,NORMAL,0.0
2026-01-01 00:33:00,82.8845781420882,1035.3177408179095,145.33780753146556,459.21562615589045,410.2274974130139,433.2773072408811,166.32378185240026,3.303535145544645,17.774999414756387,2.1460669751876473,876.1392859460709,176.7597231116192,71.15015674118129,0.0,NORMAL,0.0
2026-01-01 00:34:00,86.64508982420638,1061.61903361907,152.08805455130732,474.942534555576,439.1785450156181,463.85320650756984,173.57676636002208,3.8210711924723615,17.14626742946152,2.4911944893652915,906.5667903973258,182.41205794480732,76.92723729098616,0.0,NORMAL,0.0
2026-01-01 00:35:00,82.55831270005795,1041.32299463348,149.35678912790908,468.7635603574055,427.5750794322181,453.3481953044115,166.15129398097358,3.744787268847578,17.45375077067845,2.618592175794799,873.107051510556,174.13167927499887,69.62002835948594,0.0,NORMAL,0.0
2026-01-01 00:36:00,85.41772719000951,1041.9196152700717,148.9114227193718,465.0551001037399,439.6733685287894,465.842131850265,172.26672612232662,3.1857160003323397,17.658980471883677,2.50990699215791,902.6555475448254,180.72162960771155,72.8102917391589,0.0,NORMAL,0.0
2026-01-01 00:37:00,81.08065975224045,996.1628487203062,140.60306237694567,449.3174583431054,414.2957324464416,436.3238037257604,162.3138327852226,3.3135257513636027,17.546118385680032,2.9040823733166987,859.2419526864544,172.59429243252453,65.19238859174983,0.0,NORMAL,0.0
2026-01-01 00:38:00,82.34362790220314,1025.680797207631,143.46429322892072,455.45865605662937,421.60663809242544,446.3108549898579,166.09737200355926,3.04284455110101,17.948777138910085,2.7322068322213156,876.529060806921,174.85117986799972,74.34442790800968,0.0,NORMAL,0.0
2026-01-01 00:39:00,85.39372247173824,1064.408207743504,144.55243189782914,474.73022669892134,433.52418464581416,457.5835620678638,172.19609804534565,3.3434817274903734,17.881922083401737,2.497755760977776,913.8656067724565,180.0447857777041,71.17404149135045,0.0,NORMAL,0.0
2026-01-01 00:40:00,86.47693315999082,1081.6086085144868,148.3259734778081,485.69452425374084,443.408460211963,468.0779790386989,174.43090887105996,3.65327769531448,17.32648841399851,2.5650067292493017,915.3869776091137,182.44777702878974,74.83536825647101,0.0,NORMAL,0.0
2026-01-01 00:41:00,85.34273656237994,1048.83852299511,147.19553996734368,470.3202740028862,440.5430742093028,462.8779570881246,172.29471323219573,3.4172210115450286,17.564454464134045,2.5886996654446,902.3437066780172,179.55243077738243,73.07137359046023,0.0,NORMAL,0.0
2026-01-01 00:42:00,84.76870343522351,1058.473842686548,146.10487835696608,470.4568807267996,425.7640832390652,448.8819016356303,171.63841383277685,3.5921594487231934,17.263649515665623,2.6209898812500474,896.3909252872147,179.31272696881717,72.61896081461214,0.0,NORMAL,0.0
2026-01-01 00:43:00,84.39779260882142,1043.5928413932072,146.90139865729958,468.55821857873684,433.48720148329386,456.348737967122,169.6175391933333,3.195533136343651,17.899059822183386,1.9523026013006177,894.5998499227528,179.87060643215375,74.1379580567989,0.0,NORMAL,0.0
2026-01-01 00:44:00,82.04295601926515,1018.7032871932433,141.41959416413331,461.05436383048044,424.8769544510991,448.9488609885474,165.14069782856922,3.6595950509163813,17.435722574516557,2.4095421112691957,866.2880913909095,174.0816491008864,73.9768897360194,0.0,NORMAL,0.0
2026-01-01 00:45:00,83.56031158321058,1044.4397152069726,147.5825287094648,457.52617968990165,425.72605647123606,450.08343979520066,167.91240394979715,3.38897815441433,17.68992936572566,2.054668279541972,886.204108625836,177.9800374211806,72.35123660645245,0.0,NORMAL,0.0
2026-01-01 00:46:00,84.07872245808042,1047.3104533649384,146.11849781695702,474.71955167075487,433.89711535100497,455.5174847675389,169.15843333853874,3.502433936456581,17.434643996258686,2.883484284237846,893.0412862624631,179.61284625388703,73.57313400172538,0.0,NORMAL,0.0
2026-01-01 00:47:00,87.11424445243783,1055.3785229545358,150.6527660363795,470.470135488409,459.64449448455196,484.60468434477525,175.9949255826938,3.4814250997213896,17.447904223441313,2.4817451439991216,922.1908748422508,183.64047038583868,75.34917863540436,0.0,NORMAL,0.0
2026-01-01 00:48:00,85.68723657913692,1071.637769288628,147.87506543567955,480.7825573816524,437.91446893075016,462.93205388208196,171.7019659163085,3.245690295821543,17.62499747913796,2.441997715096113,909.1600754613931,181.18789990521847,75.58485211117079,0.0,NORMAL,0.0
2026-01-01 00:49:00,81.47391968927454,1028.54011043422,142.52126090162977,467.40227879191417,419.3361336963993,442.1162614189058,163.5173145424663,3.2693831336520436,17.73900411652405,2.7690391996099706,866.9079349394881,175.11903223961158,69.25330299244698,0.0,NORMAL,0.0
2026-01-01 00:50:00,85.64816793878958,1050.2260523728005,150.12244843751964,463.2320524629679,434.55055427564093,459.0071456344254,172.98492634583144,3.6935588938006854,17.198400373271465,2.6266974392349622,897.6221959766636,182.74067928955913,75.6693154598645,0.0,NORMAL,0.0
2026-01-01 00:51:00,84.22983543916737,1046.2563897260477,144.61049272732924,464.95535087828137,432.0554330088471,456.00937012691656,169.9696891317858,3.5797984315003393,17.30245991797473,2.1614096456862377,895.4827051836508,176.7872663525224,74.60486808262867,0.0,NORMAL,0.0
2026-01-01 00:52:00,83.64615599938809,1041.4018618567084,144.1530010209316,465.11800126330485,430.532138121852,454.40040525989724,168.11074617536764,3.7100098083106854,17.247621119998247,2.4787283912417895,883.1064857655687,177.6794603148371,74.0819988168763,0.0,NORMAL,0.0
2026-01-01 00:53:00,86.22335257768174,1064.8402634350564,148.72757680896927,472.01733776840047,442.09097458975936,465.92420834117905,173.87390615592383,3.5649316471005035,17.386152735381074,2.3994499080320844,906.7543299617976,182.44726514770318,72.65838632747244,0.0,NORMAL,0.0
2026-01-01 00:54:00,87.06199904499191,1065.1169389114648,147.90125672054143,484.72145844376996,440.2115186264153,463.0055137536003,175.29460601122983,3.5285981269618434,17.417604020155963,1.9766401334181838,915.0977313106441,184.95045120084256,74.31292396751915,0.0,NORMAL,0.0
2026-01-01 00:55:00,86.86256023823239,1061.9093687029433,148.65532463790558,470.4798870120434,445.3446100477892,468.49031040275366,175.47525778096528,3.1547978762666467,17.89184658341738,2.2929171300288385,920.7933104346865,182.98014170897972,74.96898216814678,0.0,NORMAL,0.0
2026-01-01 00:56:00,83.32156495355473,1032.960108825633,144.02990568324276,460.4063096328189,433.91880446136184,458.3240971988853,167.68038470402283,3.445926660647766,17.561978119567264,2.4449379033950605,882.102774899423,175.8035215350688,68.91556787318578,0.0,NORMAL,0.0
2026-01-01 00:57:00,84.38157524829757,1055.5430426755693,148.3211412338718,473.2391622282426,434.1510550640605,457.8780660727824,170.27596655353142,3.494523135919251,17.476661261029637,2.4655147205524472,885.4059085630486,178.08707978130153,75.69510061481009,0.0,NORMAL,0.0
2026-01-01 00:58:00,85.66252686280713,1062.0612701740156,149.01891295221455,468.81376043922586,443.1225702593948,467.14018652775735,173.64605968086056,3.890621439654515,17.12767985317663,2.0553305728968074,909.0154577040327,180.75312517941583,73.50546842324135,0.0,NORMAL,0.0
2026-01-01 00:59:00,86.95109025424472,1065.8047592215862,150.81381520410216,474.34350012985317,443.5703914211605,467.32502094989616,175.20123008601317,3.6373913264197353,17.263455969469803,2.8454996749142425,912.3128618884531,184.71750467529844,75.12872797860521,0.0,NORMAL,0.0
2026-01-01 01:00:00,84.04165152430942,1048.1335023495776,147.76427321080007,470.8406672460819,433.95775881866564,457.3504579141182,169.10796713151626,3.807212236341906,17.203315626049065,2.4693690823325682,891.1156220356852,176.90210187546995,71.07931233999312,0.0,NORMAL,0.0
2026-01-01 01:01:00,84.62868204667237,1017.8013942604229,146.66827949320975,455.45625568225665,434.53974942444444,459.3136486901548,170.61858758595523,3.6195075411789457,17.395552708105516,2.511265922998169,897.4793150950889,178.6347501933854,70.04919051860385,0.0,NORMAL,0.0
2026-01-01 01:02:00,82.78733005198794,1039.3609575236005,144.96192477783967,465.2774487149405,419.18209661150354,441.8059573602107,166.39201967487392,3.357739354610104,17.49195595945415,2.620192491501951,882.3011859283547,173.78564771347442,70.0218042706408,0.0,NORMAL,0.0
2026-01-01 01:03:00,82.60758675183865,1008.6787297306055,143.70493662189298,450.8248313300004,424.63053878318766,446.52100100904545,167.40915735643966,3.52342484322997,17.576144532207064,2.263577123828899,884.9842914507208,176.2222913270897,71.5244777767381,0.0,NORMAL,0.0
2026-01-01 01:04:00,86.6250516447884,1062.6261070338528,150.46830216598184,467.47809126763735,438.16677490674044,462.8187654276177,174.3401388084248,3.5472447292528466,17.364611900224453,2.636906791939809,909.4271348183813,184.52113338900793,75.64689894133811,0.0,NORMAL,0.0
2026-01-01 01:05:00,87.71248005714165,1065.928101625155,150.40320277048932,477.9792067067582,445.3979989112843,469.46302219298383,176.28849345417055,3.3121688860458636,17.69686209387478,2.389877606194545,926.8624312911012,185.09788668341952,75.49356712691876,0.0,NORMAL,0.0
2026-01-01 01:06:00,84.85597975683933,1035.6129828111843,142.40633531870614,473.01985848271,435.22654032065856,459.0192632022243,170.29411501116866,3.423122524681416,17.69331864937211,2.2310243378058425,897.1781210931723,179.41401014886543,73.57823183795537,0.0,NORMAL,0.0
2026-01-01 01:07:00,87.00706579578404,1081.6789258316257,150.24204036930345,482.76357848656755,446.52155034582086,472.4552061695114,175.5627416873713,3.4588466012645656,17.633721074506823,2.6720342480066197,922.2394063876453,184.467353493851,73.93159988726448,0.0,NORMAL,0.0
2026-01-01 01:08:00,85.72327205009528,1052.5557084878337,151.4304043473428,472.14860398137125,432.6701979250907,456.28314726399475,172.8801378066044,3.8211239665130234,17.18230937234386,2.9475021576405425,908.3110643556208,182.92102610756882,74.57111477256707,0.0,NORMAL,0.0
2026-01-01 01:09:00,83.70976049078975,1040.5626437252047,147.41707154066782,469.6886712656662,433.8187313098631,457.798851548475,168.17084379587246,3.0838518949218043,17.87989820478999,2.7174488120457494,885.3348736942144,177.82813172914342,74.9334741254036,0.0,NORMAL,0.0
2026-01-01 01:10:00,85.72279121101683,1056.7587063213764,150.51498178570756,466.3568300458171,441.47398744658653,464.36876332761756,172.73380809459488,3.7411636841432085,17.353587506714348,2.7768932695421293,905.023401167114,180.74804047955854,74.98781185369144,0.0,NORMAL,0.0
2026-01-01 01:11:00,88.07607313293194,1085.5311396015506,154.58637114301035,492.72502913126834,446.85672348660523,470.97989020858455,176.39786828175744,3.3126409530081236,17.75482854477274,2.34381081803131,925.1784770533991,184.53332369387743,77.07994228285143,0.0,NORMAL,0.0
2026-01-01 01:12:00,84.9283479217801,1050.0516981284036,147.56983706459303,471.0323232334755,426.9538156266546,450.91103245319596,170.9491811310968,3.225584162546077,17.712579335449508,2.020714081249463,904.2227871298335,178.7415695808967,73.53071113603734,0.0,NORMAL,0.0
2026-01-01 01:13:00,88.12928731162802,1068.4629508743944,152.58856238225323,485.5444648452033,449.9219136627329,472.8626356120283,177.48495279929438,3.735988426007693,17.184522209292137,2.9470412566299524,933.5888940242778,186.33179407356852,72.49711971010322,0.0,NORMAL,0.0
2026-01-01 01:14:00,79.76050979182051,1007.5677661126765,138.40546089686205,449.36194146745066,406.5728303897967,429.1023170024023,161.37468448842063,3.646379613846876,17.146384867983524,3.116354466821428,852.1939389071807,168.86569206044024,66.71907477219392,0.0,NORMAL,0.0
2026-01-01 01:15:00,86.64380500875045,1061.5004842558915,149.33356180107157,483.6905033151457,443.78472732901736,468.07475476811305,173.90220061613655,3.750903740476238,17.26449944369212,2.962842032130905,914.8860694051269,183.48257772349166,75.22479560832805,0.0,NORMAL,0.0
2026-01-01 01:16:00,85.17409413647634,1036.175122378166,148.99268350425677,468.3458264214403,434.0548873766039,457.7989192010216,170.7090119585515,3.6601403895091154,17.331589835989043,2.399264218306075,898.4567640212913,179.79526425671645,73.1173972052609,0.0,NORMAL,0.0
2026-01-01 01:17:00,84.40198529906826,1039.7387013810235,149.01074682294,468.6606809816712,421.9726421916162,446.10843319985526,169.356256617674,3.9119690003474803,17.201650137116776,2.153609698381347,888.6282776575365,177.7458241668421,73.40127401220028,0.0,NORMAL,0.0
2026-01-01 01:18:00,85.183521553071,1066.842813437053,147.49638977824452,477.90724764658705,433.9758730738492,458.00910524239015,170.69875885598455,3.611744767388897,17.424160741959138,2.18029519065413,903.6298034494133,179.19001147468893,76.49966407814495,0.0,NORMAL,0.0
2026-01-01 01:19:00,81.02486217079822,1018.750839129117,140.6369147264945,456.25769256127455,413.5962152986495,437.75409796193844,163.71805302047593,3.4687045247753683,17.664718394641902,1.9948802297157855,855.0496555853409,173.61207885096965,71.27196173509724,0.0,NORMAL,0.0
2026-01-01 01:20:00,84.56065622432497,1042.1200408991713,146.84204025420064,472.85067465203787,435.9715862454952,458.776576042176,170.89563209616196,3.5685852754642684,17.361678301744114,2.4677864144769863,904.8498775880826,180.0103001978336,75.16629739094562,0.0,NORMAL,0.0
2026-01-01 01:21:00,85.7142251430235,1053.6496743870507,149.77375121239348,472.16166910406054,435.08012734206227,458.9700582763838,172.5885585750214,3.748693825669193,17.36512120742757,2.9817033874247363,900.6040385247678,183.15896823787494,73.76074289336026,0.0,NORMAL,0.0
2026-01-01 01:22:00,87.95578808948304,1076.3415303826564,149.0459725019575,470.70126363512685,458.17231381427797,483.16539629138185,177.52222365180864,3.3441249349479767,17.602983427141556,2.457501210438327,930.9261814908928,186.4515270797212,73.75019911661755,0.0,NORMAL,0.0
2026-01-01 01:23:00,83.9634595634527,1060.4020754701355,141.35282743890457,468.5748978795192,420.2590950640047,442.2027953234499,168.99389831719552,3.3696222834937237,17.708137322685506,2.5906968701044826,897.468869170596,177.49692771829058,72.05503533233347,0.0,NORMAL,0.0
2026-01-01 01:24:00,83.38301279421363,1037.649482464452,143.97344549233728,464.1305642248171,433.4709014600813,458.1007415351767,167.71846976457687,3.4382079970804185,17.415916163666513,2.9126790892912626,886.8255767384553,178.0893665109172,70.09690660793264,0.0,NORMAL,0.0
2026-01-01 01:25:00,83.99648591283092,1044.2652756002199,143.55330401741807,469.25610515591575,428.86083470976405,454.6285497511051,168.82645301613496,3.0790834402469334,17.944430089689686,2.37877140645028,890.8432276907681,177.95990382430008,75.31377864380964,0.0,NORMAL,0.0
2026-01-01 01:26:00,86.83080423540414,1078.6108768943598,149.22992595781162,481.1614083132444,448.45194553873847,472.85753674119155,174.5064129751195,3.5276156816835096,17.273915524171898,3.110659437015878,913.465624119232,183.88245024109864,76.04542554139427,0.0,NORMAL,0.0
2026-01-01 01:27:00,85.65750221931937,1058.9629137834588,148.1906926913441,479.6800194623519,438.68651851689054,463.12586553100886,171.54110366048423,3.1227742592097947,17.85051199219603,3.097628322249236,899.6661762503552,181.27218005956323,74.56702676871205,0.0,NORMAL,0.0
2026-01-01 01:28:00,83.94047959246592,1036.8143744664521,145.00422257065284,454.97024046638774,435.40017564245693,459.25470290039516,169.0130865667355,3.510611862586524,17.53342353680127,2.4606665983958553,893.2550464692471,174.93405496564782,74.62427007842894,0.0,NORMAL,0.0
2026-01-01 01:29:00,86.02653486622671,1058.3018501714173,151.94473736828155,474.03867975109273,438.1958645083695,461.3920730638808,173.0329027773464,3.67305795122705,17.27484519364984,2.326739720794236,917.7960848661419,183.65780474474826,69.78111506393492,0.0,NORMAL,0.0
2026-01-01 01:30:00,85.19415509869609,1051.2255383928202,148.44472217724876,461.40031923019234,430.4776733675914,452.180796758169,171.76099055943112,3.404624707871233,17.490331529253172,2.709171413917094,899.7473010345701,180.87931414334992,74.33159998164219,0.0,NORMAL,0.0
2026-01-01 01:31:00,86.93728998106577,1069.0006774455592,151.00688369082033,481.39883245564454,451.78897134168415,475.672646425673,174.92134171035084,3.8354231740373743,17.24918867289222,2.3957425172443427,913.6775922725759,184.20440302300005,71.92854041624388,0.0,NORMAL,0.0
2026-01-01 01:32:00,83.5958938122453,1043.2352335588228,146.63825500645476,466.82179985131916,427.41206583181577,449.3907107424548,168.11043577370603,3.2078998201163023,17.781753900899005,2.153033434879799,873.6680909697079,177.13001156222003,71.8622036528649,0.0,NORMAL,0.0
2026-01-01 01:33:00,84.34467570680447,1043.9662159261177,144.23934732464517,469.6845362305677,432.8311709021434,458.17683152530975,169.2537548986051,3.7382521363263663,17.212790798970566,2.884371596056894,888.542932849732,178.85277923399505,71.85232538050914,0.0,NORMAL,0.0
2026-01-01 01:34:00,84.21578369373569,1049.4842377095126,148.40189911544405,465.47428028085625,437.25267803890245,461.00020224692435,169.46764400588225,3.635027411281384,17.369162180834042,2.864934216183124,891.5895527248617,177.83428845162513,73.69610017918244,0.0,NORMAL,0.0
2026-01-01 01:35:00,82.07297010373577,1019.9225352362719,142.95792658253274,464.36633875279756,415.2050743082067,437.61940869456987,165.5150588228796,3.1567933503378622,18.106873563856695,2.546653481129068,878.7253172415413,174.7625195597788,71.11475066091053,0.0,NORMAL,0.0
2026-01-01 01:36:00,85.59224055412915,1056.7087574444524,149.72932206567614,477.89212629807525,440.938657258842,465.8747439465719,171.61281161271637,4.042158859808106,17.07319142517005,2.1211405738815468,909.2880740024564,179.87738276385917,76.1640267905269,0.0,NORMAL,0.0
2026-01-01 01:37:00,85.52211054435978,1035.2390985982765,146.13945135045935,467.01336095437006,434.6610789394844,457.2723817836027,172.08795796555992,3.4872509428992067,17.629006423919577,2.1311421246347844,906.7465324671315,181.2302895211901,72.21389411362259,0.0,NORMAL,0.0
2026-01-01 01:38:00,85.01022691328492,1059.265545879874,144.40782283789525,473.05863211763244,434.3902877882027,457.34293813960835,171.13697530233458,3.3245031955688735,17.719051436330364,2.532168786525746,898.1016708263435,180.58202729714094,74.42641030989451,0.0,NORMAL,0.0
2026-01-01 01:39:00,84.5308257332497,1048.773142091477,148.4320179159246,472.40854326306646,433.01552349316995,456.73437193707707,169.70261907469026,3.2185825610431964,17.79806596621452,2.3500386896484904,892.3924287462172,178.8629823326765,72.94910702039742,0.0,NORMAL,0.0
2026-01-01 01:40:00,82.16925851589917,1031.6726862575883,144.0067068260438,459.1346116630986,413.3451832722612,437.04121142729775,165.04458887934436,3.455996394468065,17.304395376698892,2.3976721203575178,878.7208231465315,174.70938482426936,67.46482627257625,0.0,NORMAL,0.0
2026-01-01 01:41:00,84.15870935446928,1012.624539762756,144.4339609229889,459.3275942002059,426.89936155824427,450.74601468132533,169.43272413332167,3.474518625522008,17.45758333983168,2.806588946518001,892.5907862484847,177.3260843167043,70.48973456652936,0.0,NORMAL,0.0
2026-01-01 01:42:00,84.31457096694646,1064.0294567172718,144.7325302878703,483.85918715852836,438.328219296798,462.49295540415386,169.06243142474662,3.520529105707933,17.43141345297182,2.7199537952267674,882.6327062098595,177.66331516299695,72.15190070651283,0.0,NORMAL,0.0
2026-01-01 01:43:00,83.39544546155676,1032.5585583340157,147.34403776116469,468.37647613350225,431.40818325070774,455.0567101484791,167.96585278073823,3.440440768755208,17.37207002484004,2.913442804149284,880.5867563760813,177.02760804413992,73.94094126902887,0.0,NORMAL,0.0
2026-01-01 01:44:00,84.67742857666798,1057.856113934055,144.63731907926731,469.49443322458495,433.07394499670374,457.1278781020657,169.90717996650636,3.6266450620230186,17.25761335895544,2.2028130329868225,892.4832056078217,180.03340680795702,73.6693889764486,0.0,NORMAL,0.0
2026-01-01 01:45:00,85.80810171362907,1047.6819578650354,151.99749847695554,470.87986973237975,440.2561258607098,464.4705850588746,173.14763027377475,3.422474033467351,17.379442319440383,2.3970425293939863,905.3496970904034,179.74133777175643,71.31147972314183,0.0,NORMAL,0.0
2026-01-01 01:46:00,88.77237180242106,1093.8514570748364,151.35731623433585,481.07487511114135,452.39064648392304,475.9802065333423,179.7136574775363,3.1130071765519056,17.883160439878356,2.727694508638034,940.5382713256361,188.0667642399529,75.73726498584253,0.0,NORMAL,0.0
2026-01-01 01:47:00,85.34915562566368,1042.9574006249004,149.3005172897123,470.0449118058385,443.5286950574583,467.7512090319644,171.26793285047646,3.470127700870072,17.61174889621481,2.6344235023038673,902.9543318476656,180.15510975095103,77.31493739811701,0.0,NORMAL,0.0
2026-01-01 01:48:00,85.51510078144553,1048.9133182074972,147.61541422067032,471.8183443473116,436.57374101825684,459.3287394102519,172.2973054940784,3.0265044693253444,18.084172982537087,2.9597141147762867,904.766680779437,180.83739547558363,73.63452729483814,0.0,NORMAL,0.0
2026-01-01 01:49:00,84.85110816846766,1067.6513952233445,148.4830371148662,467.71147639167697,435.4147513030125,459.266571411064,170.3388453844943,3.570754126178278,17.470724320029646,2.6261610117712206,905.0784474913028,178.36269841337028,72.22623538462935,0.0,NORMAL,0.0
2026-01-01 01:50:00,81.16245756940192,1009.7177516863858,140.6554583498745,448.07818145499255,421.5424385677199,444.13891255461766,163.84539222570274,3.304139953943473,17.59952041193667,3.0544327312316657,858.1422702450858,171.47329789861715,70.91344533703399,0.0,NORMAL,0.0
2026-01-01 01:51:00,84.94697224910156,1051.6440512228128,147.09487256150774,469.2419260054063,430.8480038212783,456.92978563512514,170.26131529366052,3.53267207098316,17.274121413164842,2.6620053405169424,908.7907201204524,180.86006982373343,74.48436395844519,0.0,NORMAL,0.0
2026-01-01 01:52:00,85.12046041988205,1059.905281505708,147.76252898061452,472.4578138665791,443.39624802189473,467.5261660392378,171.48121421897795,3.762814996304921,17.061498133754927,2.818650234276598,897.8480662419652,180.2737842137443,72.18403164094552,0.0,NORMAL,0.0
2026-01-01 01:53:00,89.92648422497058,1104.2216611294318,152.88535142589294,485.6412797746787,451.98011407613603,475.17488021368126,180.41647396649648,3.3102502609464,17.56285148132815,2.402945515964663,949.7108332327687,189.4701900482316,77.94633692871935,0.0,NORMAL,0.0
2026-01-01 01:54:00,84.61527807043775,1047.6569697558132,148.40456579649688,471.0076815490862,441.22460100775277,465.15165084746354,170.1270638463263,3.7122512517024235,17.19886277849401,2.5042861635651965,894.7467627273637,179.11406778824448,72.03444346300859,0.0,NORMAL,0.0
2026-01-01 01:55:00,85.60309468466723,1059.6805568713344,147.3782148940577,475.12959079323633,436.1520955035762,460.47905902439294,171.6906767317608,3.4133220866627694,17.570703063538073,2.7732833211518426,906.6480425141771,181.69540119399875,74.92113095139267,0.0,NORMAL,0.0
2026-01-01 01:56:00,84.9305764605895,1073.339920458278,146.93866486020423,478.3646225234186,433.4393885638211,458.7847219381647,171.27232815662688,3.850638960413117,17.047944617774185,2.9838934511779165,901.5287245812607,180.30164741734234,73.28384748441417,0.0,NORMAL,0.0
2026-01-01 01:57:00,82.66264392476094,1026.0502512772734,142.0052671379244,456.64114301011756,413.86316876789,435.9668748063458,165.9067976723021,3.426969477360357,17.606928112006468,2.718771084793226,878.7956154480537,175.25026084912508,72.09405079391453,0.0,NORMAL,0.0
2026-01-01 01:58:00,87.28564562903004,1074.8674467574501,145.80380112595444,485.19051433506286,444.15425455826175,466.77953931215126,175.847273387726,3.3319014028986618,17.644871246821392,2.4750484684196143,919.0908696371976,185.66425036895674,73.31014941088903,0.0,NORMAL,0.0
2026-01-01 01:59:00,86.50386606537354,1075.5452046138116,149.37374357285998,488.49511741096615,437.3202976717333,462.00314956675095,173.8356831166159,3.6374476900790578,17.363606881095045,2.9132005088585027,909.4240872664975,183.97819476765375,72.56052008415313,0.0,NORMAL,0.0
2026-01-01 02:00:00,86.58206389408609,1076.8758982704408,154.69832668435495,478.3325518889436,439.8720877435631,462.4850934248416,174.10689160227275,3.4128420540752726,17.701183001191847,1.8424064031160354,928.3364978953895,183.57749981730257,76.15664572458768,0.0,NORMAL,0.0
2026-01-01 02:01:00,83.18122509041052,1043.682553959709,146.34104621141182,464.41218699810946,425.2195706231082,448.0443937127562,167.43632813452112,3.331710097174198,17.550266729405763,2.073329649547938,879.3923292061024,176.4170619637311,71.38618730955743,0.0,NORMAL,0.0
2026-01-01 02:02:00,87.8055886218722,1084.4431884390137,151.66986217333954,486.23331370266555,453.81690118172554,478.25012575530087,176.23026490791497,3.4044320298592416,17.637438427969997,2.7044902671005167,931.5519484120819,186.26849833886394,75.81454038169649,0.0,NORMAL,0.0
2026-01-01 02:03:00,82.19629787441544,1010.5329296168495,142.7686651532066,452.4230249480049,422.0195061290803,445.0508479822342,165.4977793056013,3.4910786935633995,17.507523983588992,2.5042325068759372,863.9247721915384,174.70686317063206,70.14424744535931,0.0,NORMAL,0.0
2026-01-01 02:04:00,86.17371418760054,1078.0714571990163,149.30550306702492,480.5315968762904,442.4069542050082,467.216466372333,174.11259565737828,3.768436026248971,17.19821534565406,2.6816540953372496,910.3390782764819,183.40822844700702,75.73642489810773,0.0,NORMAL,0.0
2026-01-01 02:05:00,89.38091125161996,1082.3456585860129,155.16560510778035,486.6365291930285,451.42695931387203,475.3146729972793,179.37277511032357,3.1131824509080848,17.975343181178513,2.5193222567295828,943.1731155962874,189.66138387997825,75.28910904123666,0.0,NORMAL,0.0
2026-01-01 02:06:00,83.01892734973862,1033.2156281497766,142.16676539399023,453.7394708223742,420.6908663006795,443.4516803635467,167.62375977111415,3.504616131790084,17.583285283665617,2.6712837083811616,882.5533488470254,175.0196007980595,71.14393939998912,0.0,NORMAL,0.0
2026-01-01 02:07:00,83.86740454079445,1031.131286907751,148.02975020052943,469.04402638736383,438.3306477957288,462.2329098325659,169.4838578983328,3.6249807189308085,17.28037020147035,2.255679153702043,875.0617747029848,176.6488459108472,73.66590925804184,0.0,NORMAL,0.0
2026-01-01 02:08:00,85.19930273017528,1051.3516438358229,149.2297167261454,470.90406015597586,432.3205084770602,456.086131858432,170.99052796583652,3.5386897149983594,17.443094226615848,2.671145825823907,902.8237303671444,179.69735591594647,75.50537758246875,0.0,NORMAL,0.0
2026-01-01 02:09:00,83.9930486917676,1043.218111020711,147.42594448906726,465.2297786854735,438.2462847191245,462.2564261297886,168.25857008098993,3.761973033886707,17.266148134371697,2.7983243584622755,884.1817796408366,178.96223607360213,71.14692037136071,0.0,NORMAL,0.0
2026-01-01 02:10:00,81.89867313786773,1022.20030353318,143.72496118442106,458.4339506421648,418.2780596949343,441.6279684549036,164.94832672582135,3.485130934048295,17.487568391149445,2.86616518117937,870.6084599346519,172.22103727896422,74.43830647420596,0.0,NORMAL,0.0
2026-01-01 02:11:00,85.13712594961206,1055.5904670384734,147.74492223980607,472.04833359049195,435.69706942877775,460.3257624098584,171.00054813784067,3.463089711562811,17.595412421665966,3.10406628839461,896.1896135119297,180.66900928833212,73.73618414707688,0.0,NORMAL,0.0
2026-01-01 02:12:00,82.8753925725478,1044.8910384160645,145.65881133075533,459.3004088492012,429.7287886638886,453.60786221273406,167.6850867546771,3.6184659094026688,17.40965329238836,2.573229533050716,874.47651224585,176.11332823618855,69.21445753442076,0.0,NORMAL,0.0
2026-01-01 02:13:00,85.94718486127036,1064.0071916278434,150.1044055593883,483.0775677884036,446.095386416045,470.8537412603565,172.91177349279064,3.51986276299027,17.66339336104533,2.5821733260541535,908.1037105607372,183.0570177812269,74.49585198619623,0.0,NORMAL,0.0
2026-01-01 02:14:00,83.1611515315324,1029.1699489624175,144.03364587541654,461.8746077463201,425.2516948562665,446.93205643233335,166.9212033590472,3.421918252343906,17.425053834063114,2.0430482607478457,876.3498679673079,176.50264175372868,70.762922796259,0.0,NORMAL,0.0
2026-01-01 02:15:00,88.09986881003508,1090.6395597832343,151.0025996692588,488.4708345655306,448.55812878256774,473.0362629208619,176.6261578645643,3.603228807917276,17.384527593107986,2.3405765796584723,928.621015866674,184.85652822948626,76.34803202239442,0.0,NORMAL,0.0
2026-01-01 02:16:00,83.43349341532753,1046.2296390425217,145.35395271351527,473.24960446987893,426.8878648340266,450.71176562372955,168.41193931020047,3.369494341356671,17.53965540749211,2.4420753777980164,878.3680553105587,175.90763187000695,71.66108223694135,0.0,NORMAL,0.0
2026-01-01 02:17:00,84.35587696758864,1031.2826915245164,149.63185575437333,457.4072643220051,433.4691724791038,457.8715722976294,169.4261619481352,3.3777645695961347,17.68264617594777,2.8150958656829066,884.3929174173928,177.52975841327947,72.6332489544512,0.0,NORMAL,0.0
2026-01-01 02:18:00,86.62703443473934,1072.244345045892,147.4623375008012,481.26509751353296,447.5916906080455,471.278924364214,174.2759832692089,3.394401195646877,17.443881615348566,2.3166996627731113,921.3601296095403,182.71612490314556,72.47844079461919,0.0,NORMAL,0.0
2026-01-01 02:19:00,82.53827136713208,1032.3944410944298,140.87235651919323,461.619570983278,422.7125061306312,445.1890921622741,166.5544441068204,3.7706138320332814,17.264017438989207,2.7389020059246496,868.9024702072012,174.89364116684024,73.01073955513839,0.0,NORMAL,0.0
2026-01-01 02:20:00,85.45491986920825,1051.5735636584827,148.5119014862854,474.8632793394756,440.36903083615704,463.8133817026813,171.6677105624511,2.8557967288028574,18.081198428062308,2.499513484910986,903.6557942540426,179.74439821219545,71.05168116106455,0.0,NORMAL,0.0
2026-01-01 02:21:00,87.61428550856486,1089.8999232187648,151.5232036665593,475.3238321857485,456.26322620417903,481.6128014142793,176.20560660275964,3.5791197669525885,17.347464046435313,2.4468495654655715,929.9073104931176,186.69923300778203,72.8738986160419,0.0,NORMAL,0.0
2026-01-01 02:22:00,81.78503353087754,1016.3497794384501,143.02423362505712,456.0444402741737,420.8317157157116,444.9071825564214,164.56178285684382,3.5068543628400444,17.348495816805887,2.5746681907399767,864.7756147961951,172.24478568980265,71.16274752299701,0.0,NORMAL,0.0
2026-01-01 02:23:00,85.3692677170646,1054.9484417053613,148.5418079714139,468.9652734032247,438.4046028653469,461.9173729013226,172.08019768988726,3.163825908152376,17.789666497227525,2.3826530883241475,899.5668476719183,182.08463885799168,76.50110266800762,0.0,NORMAL,0.0
2026-01-01 02:24:00,85.51976558849685,1053.4669376421298,147.83324387347568,473.5480898100227,430.00427381703395,454.41244982151267,172.33490334474888,3.5619453558272003,17.546504697201893,2.3712888255722,906.3288463283056,182.22469420843305,72.71062627666868,0.0,NORMAL,0.0
2026-01-01 02:25:00,86.56364574355462,1065.7922479113608,152.8251954925361,478.66712010138536,429.6645780336278,453.2712867444738,174.0172346214818,3.5951503983663065,17.402330733280746,1.9885642282629656,921.2261265491819,184.02559403679828,75.65286124025164,0.0,NORMAL,0.0
2026-01-01 02:26:00,82.52609857824383,1014.2982349134863,140.5873399104127,452.18116449128445,424.57237153737,447.6767043370761,166.08402168723592,3.61792784627148,17.444840195515965,2.425613737801633,869.414409457006,174.35843054899092,73.16755921632216,0.0,NORMAL,0.0
2026-01-01 02:27:00,82.35908677383145,1009.1903589123715,141.88163611118668,450.1152742440684,421.3213127127529,444.1759941185726,165.53228404190116,2.96963438739101,18.196829794805616,2.356009556155382,872.8401285782273,175.0606244268398,72.5166382936533,0.0,NORMAL,0.0
2026-01-01 02:28:00,86.0438831312338,1076.3838819445878,148.85931517655263,480.0002259350485,437.64550228159527,462.2743887602772,172.34896005900788,3.7732778823708877,17.25309767611137,2.345205703195276,901.7763583375013,180.81039512891698,73.21268992663967,0.0,NORMAL,0.0
2026-01-01 02:29:00,85.59396934646637,1047.4700799814802,145.10457639739124,464.5048208560161,439.18749775326353,463.4724504577138,172.3167391216318,3.3524526590630317,17.591667383730734,2.625061918777012,903.9736884462527,182.09884572796648,71.29308204278495,0.0,NORMAL,0.0
2026-01-01 02:30:00,85.50098570069176,1045.0959335123546,147.89976974217348,472.2482918822025,437.20290985747425,463.33888077799566,172.94806728180004,3.6373135493506354,17.409411672167643,2.697589585837153,905.180880429608,180.92798661984725,68.9856934292107,0.0,NORMAL,0.0
2026-01-01 02:31:00,85.69289641899395,1035.3950630539023,151.86228495994698,462.3119892193237,444.10338334813923,467.4563278725489,171.94393326764236,3.6482147561364573,17.29735562923211,2.5696583513926985,902.6558409811641,180.9764726234012,73.02863613627038,0.0,NORMAL,0.0
2026-01-01 02:32:00,83.63995055684302,1030.0098880915352,145.50169881185644,447.4690141400059,428.63030712551,452.5799241838155,167.89338625888468,3.3246605828761413,17.62489714879414,2.7986245571348425,884.114546399304,176.05615626702976,74.26813518259877,0.0,NORMAL,0.0
2026-01-01 02:33:00,85.46450739432201,1041.4141760091452,148.65816290292037,464.69156012054907,433.5879205462592,456.7381155637607,171.49365090282217,3.63209199047031,17.21591872956779,2.6726685777491097,897.603940101683,178.45150867001502,71.12327394593373,0.0,NORMAL,0.0
2026-01-01 02:34:00,85.58614494659736,1072.2816010673373,145.85888788955089,473.7199213227151,442.8815559277832,466.15634673718375,172.53458578255626,3.4229013518175284,17.66972439729091,2.4114831430583075,906.246842522881,180.13374903615897,74.86933565231541,0.0,NORMAL,0.0
2026-01-01 02:35:00,83.57129716394726,1045.811142532899,144.12422292984195,460.1680779358549,426.77083044500534,450.0985048302207,168.36683705499274,3.0857245641323683,17.875675178302686,2.361143114285686,890.9914428838885,178.25539252350742,69.95673267105407,0.0,NORMAL,0.0
2026-01-01 02:36:00,88.73154902228951,1080.4339867711178,152.34693077278638,475.98646151733425,456.2904285298091,481.2423024357066,178.3838291983708,3.7335483851055558,17.28466143947603,2.593846671030054,931.8297708740429,187.06026461610423,76.19738437060529,0.0,NORMAL,0.0
2026-01-01 02:37:00,85.94766584182358,1082.001016471679,148.28606856922292,483.3474489478364,437.35127567815385,464.13701301712166,172.43632215282767,3.344991007396752,17.551412799742586,2.6721301329705702,906.3632995854738,181.72600282653212,75.1737159017689,0.0,NORMAL,0.0
2026-01-01 02:38:00,82.6173930055947,1035.991584925863,146.48937709839961,471.03983811158633,419.8378306004863,442.64557631482745,166.28097440700938,3.329101307452389,17.714493455519158,2.9193532921094496,878.6866612882179,175.89034036947785,69.77492353079892,0.0,NORMAL,0.0
2026-01-01 02:39:00,86.31310721726766,1059.8827583375903,150.58504294735172,475.519025704361,441.98637723726677,464.95551736964546,172.84390337086742,3.4193868263926555,17.504419049793835,2.8573519134820287,919.1915257692903,184.43188331265156,74.39145513520796,0.0,NORMAL,0.0
2026-01-01 02:40:00,83.05063665954536,1005.512309446718,142.35303907544397,449.1724068376085,425.31732651544525,448.8562035587119,167.17298660251947,3.5544473450654777,17.43138178276434,2.3375580980478494,873.040417534409,177.42627797403637,70.61032665418563,0.0,NORMAL,0.0
2026-01-01 02:41:00,86.5741692074849,1088.6511178007563,150.35426336809138,487.7399680961561,445.2699812142586,467.4588402374252,174.58410060801376,3.4885459178355793,17.599236685288332,2.4693981159618215,914.8977683877692,182.1760034111536,75.66963268386428,0.0,NORMAL,0.0
2026-01-01 02:42:00,87.31719115801481,1059.276186912512,151.9722302340158,471.4150232139099,445.24272702352533,469.4129065920974,175.0087827477128,3.6096133849414342,17.46946254628182,2.701305341475331,924.5875656917457,182.6918117445922,75.32438726338111,0.0,NORMAL,0.0
2026-01-01 02:43:00,83.35863536329659,1017.1323661633969,147.31825112198743,453.3799446195431,417.6113778976309,440.50797207480764,166.95101158817835,3.232102126694268,17.765694866054037,2.820399333417692,883.0760716798216,179.07688498569328,71.79992363949582,0.0,NORMAL,0.0
2026-01-01 02:44:00,86.92675225848865,1079.493226904983,153.5512097608697,476.0254774208283,442.4698918745013,467.38798685117155,175.64322346282472,3.351522725913853,17.471664170815476,2.7816908406114376,906.8835622505011,186.12249612863675,77.65810172707486,0.0,NORMAL,0.0
2026-01-01 02:45:00,85.825561853873,1082.6531426021227,146.70815439715375,474.3021130070905,443.0969016050841,468.22536893476615,172.3452438879937,3.476800585535693,17.82248047147037,2.480836650150596,910.7610685852738,181.83957730417526,74.985061767835,0.0,NORMAL,0.0
2026-01-01 02:46:00,86.64412031998899,1080.283931384995,148.3444654575628,480.16395402120077,441.7337212037294,465.31683764500815,174.85621456294987,3.8795774585317413,17.29500843849557,2.123793204271445,924.0378849553431,182.01775239439615,72.9345925237386,0.0,NORMAL,0.0
2026-01-01 02:47:00,88.7935859653079,1093.5749508536026,150.67522323013262,488.2202477910417,452.73601281396674,477.2221994400352,178.51017309801688,3.4772374923172484,17.595029990171582,2.2003190871263225,938.5191684089265,188.55039846450973,75.8631409706508,0.0,NORMAL,0.0
2026-01-01 02:48:00,84.50922376799426,1051.0397810965956,146.2957959337774,469.9327940885638,437.478001369501,460.5857806073654,169.93747012751786,3.7170444527323263,17.207635169108574,2.581790054295824,889.9367074134714,178.9104638499759,72.45558144423609,0.0,NORMAL,0.0
2026-01-01 02:49:00,83.49252767128502,1043.4594323006531,146.17150825582019,465.30393828052445,423.9027722201305,445.96984827632934,168.20426169231837,3.5077110337568636,17.480929750072942,2.6026676738273036,882.3596404810288,176.87207421946343,71.95466128227845,0.0,NORMAL,0.0
2026-01-01 02:50:00,83.22097114074896,1039.7989973053573,146.80612574430165,461.190868618659,418.39083961253027,441.62027637253743,166.9999428531247,3.403268272512486,17.542389684509864,2.1703961879696845,891.0592767457675,177.33640112460304,76.62579546581416,0.0,NORMAL,0.0
2026-01-01 02:51:00,83.36837943006913,1036.495708540385,144.90066709781865,467.6395143745789,426.03874155271814,448.06709308175743,167.80300743188607,3.450655115177112,17.675730478732525,2.5133708832667816,888.233607004994,177.07113360701155,72.43640732947729,0.0,NORMAL,0.0
2026-01-01 02:52:00,84.8457965811718,1049.4999768512366,146.628999825248,463.2143311407617,431.8081131496153,454.9838919065242,170.50084845493154,3.4663160575942236,17.55993423149096,2.6893673070915347,901.6580989036396,178.50577825132865,68.8048321247279,0.0,NORMAL,0.0
2026-01-01 02:53:00,85.6823039496333,1056.1971082173377,148.82697190894743,476.35898285615247,433.5802881494002,456.264128596971,171.70436117756407,3.6207291477921477,17.30085446637187,2.154632002747857,908.6051024140048,181.03986596418463,72.46024521627271,0.0,NORMAL,0.0
2026-01-01 02:54:00,85.55338159866004,1047.9941700979336,146.65978659473,464.18658294453985,436.89001571380675,461.28419968578737,172.27550423468327,3.774922253515311,17.178002236572212,2.8314991605413242,902.2281304256455,181.76791612598143,69.57796110393642,0.0,NORMAL,0.0
2026-01-01 02:55:00,86.65436649807205,1063.7369142120526,154.16062719049762,471.73258949805586,445.72936072659417,471.8172588621904,174.17707909270516,3.5719361695372642,17.540182644719728,2.3867406554320523,915.5408090774416,183.81898521854913,73.66389668436597,0.0,NORMAL,0.0
2026-01-01 02:56:00,85.02600378375581,1033.3304696956043,144.3236836213976,455.9982619251633,435.08357611094,457.5361669336837,170.97349515328926,3.737415535748351,17.4225942489337,2.877283933772995,899.8704241591655,180.3140241418701,69.0461825675518,0.0,NORMAL,0.0
2026-01-01 02:57:00,87.90706815431463,1078.0872852751988,152.2300833892634,478.72790337565135,451.0702461350043,473.77073995885695,176.20905583692218,3.307042052474063,17.84579110387456,2.3399642662672298,931.8185531234685,186.74755926310513,73.58247358131484,0.0,NORMAL,0.0
2026-01-01 02:58:00,84.47068633352409,1034.8209522637317,150.7532419387454,468.8049431978826,441.42047016019757,465.3666067828574,170.73707285092956,3.4170738982371938,17.658629308268203,2.192012355134746,902.2514578065754,178.5796556792309,69.53510600755102,0.0,NORMAL,0.0
2026-01-01 02:59:00,90.44033833317924,1093.3674901596346,155.67410718888885,489.9251365060736,460.4872973581084,485.52736002197156,182.31903375955153,3.355139493158467,17.61959801996127,2.3625589030474843,959.9950740157581,191.05934644157756,78.12059102247835,0.0,NORMAL,0.0
2026-01-01 03:00:00,86.25133469553002,1064.312288466835,148.99692397329204,480.6170259468742,442.64841665087346,466.9994967901744,173.98474733314603,3.5628889181749703,17.11295969929212,2.471455563076804,905.41642517632,179.12709029088245,74.00214648168178,0.0,NORMAL,0.0
2026-01-01 03:01:00,83.28568488716743,1046.7768717351205,144.2136364851303,471.3214614237179,423.88235762284154,446.6301549887493,167.41864742311404,3.4282083229641174,17.601507679416706,2.3834560279685557,883.9768237161796,176.12171958049206,72.23447252473142,0.0,NORMAL,0.0
2026-01-01 03:02:00,82.85821500387777,1037.765316098801,143.92653914229186,459.5877772968685,420.059276419954,442.8616009421263,165.85183856300384,3.6459545874068393,17.35386253670875,2.435199573528066,882.2659667646172,176.48033291633118,71.07746922596517,0.0,NORMAL,0.0
2026-01-01 03:03:00,85.96494483048637,1043.944442268632,151.69311419508261,465.923830785815,436.90018588534303,461.1127055901508,173.9063483522175,3.3137996576735116,17.70019855195862,2.600189544902857,912.743749955587,181.5394951938556,70.98336036398027,0.0,NORMAL,0.0
2026-01-01 03:04:00,84.5530744293483,1035.6344629277796,142.40588782136342,460.35278952552454,430.371579289133,454.9305891462345,170.07560010469368,3.508606194664256,17.496783540039065,2.4486461890610802,892.3845754765458,178.6399214669795,73.6695022819881,0.0,NORMAL,0.0
2026-01-01 03:05:00,86.42800098818418,1073.6877217617239,152.70886888486893,486.1279632248848,443.9373839286565,466.17920435477106,173.48160207835832,3.637371582202451,17.230002201602634,2.4801662818143977,928.8505559606837,181.81454902459353,77.98684991108625,0.0,NORMAL,0.0
2026-01-01 03:06:00,85.94647524914708,1049.6398785560878,146.07179856882036,463.8720081903036,451.4777551792392,475.6827034991697,173.1013512855357,3.086939444991878,17.968801410693242,1.9872320802392212,903.0793296798151,182.8963163910233,74.57560535653077,0.0,NORMAL,0.0
2026-01-01 03:07:00,84.85434217468625,1046.2970902468924,146.74820860356056,472.98732454570256,430.69149369205206,454.4398771705957,171.29224474337414,3.9243262614660406,17.138895369937142,2.6175094048031418,893.1274795135323,180.25714762291307,72.03162454111387,0.0,NORMAL,0.0
2026-01-01 03:08:00,83.30641256386319,1038.5646466288774,144.10113000519746,469.89062800209484,424.4489362912387,446.75340700118994,167.60129984968364,3.443369623024025,17.62486425518194,2.4732390106924997,884.2321010449398,177.43823972554947,68.78899569887967,0.0,NORMAL,0.0
2026-01-01 03:09:00,81.97030555062827,1010.0196109576464,144.13256486548386,463.155945391639,419.5359126875851,444.24387795373167,165.57989868522623,3.0949920172647656,17.999665683092573,2.983087894144861,880.287070781102,172.21439713929865,68.76011049898268,0.0,NORMAL,0.0
2026-01-01 03:10:00,84.10697009586596,1042.1234560201192,142.96420644003143,464.8009494449002,432.51384472287856,455.5041270787938,169.75544016099036,3.531618779715357,17.528786384776804,2.218130449823813,886.8887267051388,178.0534901484663,73.1916553898369,0.0,NORMAL,0.0
2026-01-01 03:11:00,86.71279758864695,1053.7877209372873,150.9935417151343,475.0766991728158,444.88174200300864,469.0845364161518,173.88740458359288,3.50668869359463,17.45230836525148,1.9575114014501458,915.7988340582345,183.1454841695439,76.51647412451632,0.0,NORMAL,0.0
2026-01-01 03:12:00,85.4281874882604,1048.268198443092,152.19090047896432,480.715538559931,443.5614164110426,468.29550932843705,171.51947992369108,3.4836211240855013,17.509295191122888,2.6854205481790125,909.6683432476825,180.57580326992226,73.86428234005228,0.0,NORMAL,0.0
2026-01-01 03:13:00,82.50852244257602,1028.2830437671855,141.03643565467843,458.2250091222058,410.41065186020404,432.33989966441237,166.49581346679193,3.698238222585333,17.310874264140008,2.6039581054939003,874.9959136513215,174.40101734143408,72.60659253347279,0.0,NORMAL,0.0
2026-01-01 03:14:00,85.34636185170237,1037.533681181707,148.39895511277436,457.338271235021,424.79715990753346,446.1904448551057,170.33641742149953,3.649488994285411,17.36128095062525,2.197470093840656,901.7905992443722,180.34661943162473,74.69244596941638,0.0,NORMAL,0.0
2026-01-01 03:15:00,85.77063475945768,1062.1110949741808,147.33198778359332,465.4443878201335,436.37378293723765,459.763817557183,172.46654167233285,3.559575238204769,17.540246527392405,2.0410753134987725,910.5345121040103,182.39091430162202,74.62957659033799,0.0,NORMAL,0.0
2026-01-01 03:16:00,83.23228512759773,1032.1264732867105,145.7002021037827,466.4141494589909,431.6479265757072,456.2597634604196,166.74915465438312,3.5900311267893295,17.474335748512917,2.961219019205287,883.6854412271252,174.55171890184764,70.26888091155568,0.0,NORMAL,0.0
2026-01-01 03:17:00,85.30745021189105,1058.599401663082,147.99947087266807,464.02400962493994,428.70901090142723,451.8075663197135,171.37662352306535,3.4791283101123827,17.728606033844613,2.9242331171820344,908.2266960470944,182.39219519181256,73.59380719346315,0.0,NORMAL,0.0
2026-01-01 03:18:00,85.116417436892,1053.4033157095666,146.39165233724935,469.499731019137,420.54392548599117,442.72468745883174,171.08342482926938,3.85509816984801,17.365548728140457,1.7537629723881611,907.6215188142468,180.71667599881044,71.39637834174933,0.0,NORMAL,0.0
2026-01-01 03:19:00,82.71405940433876,1040.781998343126,145.0468336762503,468.4993652724452,426.4261940527898,450.67317596493206,166.24899661972375,3.2041607963284466,17.80380416193295,2.3625330912230496,878.6756093434143,175.38578691301728,71.20610542938721,0.0,NORMAL,0.0
2026-01-01 03:20:00,85.71557472069657,1058.4079922334447,152.18205830061834,474.28907457752746,439.7961597219964,463.45519281207316,172.15501881533683,3.5279303348431794,17.088404110310883,2.9992576164351696,908.6144108338572,182.33798358776605,74.23418683869107,0.0,NORMAL,0.0
2026-01-01 03:21:00,86.12156905273648,1056.9216351161122,148.8005459956501,474.89587836736575,435.15680322968524,458.40448257751933,172.69456628065853,3.513004926237756,17.610678320374973,2.35718123266664,912.2862454387955,180.7913033603045,77.2548228569629,0.0,NORMAL,0.0
2026-01-01 03:22:00,87.16610248635055,1072.8839998938283,152.18866961382219,480.2650492365356,440.90281442814813,465.0974112392189,176.47816060611044,3.6626560812129187,17.283306284888376,2.352816329792004,924.106677646752,183.66750406755008,72.11341804034518,0.0,NORMAL,0.0
2026-01-01 03:23:00,87.10760410406981,1076.509021331062,148.07486024036237,486.9979375989918,440.6893019221757,465.49451722790326,176.14893921022028,3.3312292245150203,17.588622383301878,2.4151722017111896,921.3518942300554,184.09413277574907,75.64909854523846,0.0,NORMAL,0.0
2026-01-01 03:24:00,82.24466126408582,1022.9352133441153,141.45411914249271,454.41250343395217,421.77598290779883,447.2464955849213,164.9082896180435,3.151265479520693,17.808889992980372,2.163730907869552,872.4435702292468,175.85488289860382,73.75820219451585,0.0,NORMAL,0.0
2026-01-01 03:25:00,83.12434992016975,1031.6494161137362,145.63133743601537,459.27479075320184,422.4901732199337,446.4419179885878,168.03975821599127,3.5313646032196386,17.4239710920989,1.9885672767315867,887.2266348058337,176.20220325921295,73.01717546781339,0.0,NORMAL,0.0
2026-01-01 03:26:00,86.03007053441732,1053.2807884661056,152.01333785869792,467.44901816008814,442.62067226696416,467.91154584670073,172.86040832359822,3.556246098443721,17.504980882566816,2.8157641932204247,917.8812862459483,182.51019574001978,75.48994731318395,0.0,NORMAL,0.0
2026-01-01 03:27:00,86.02757190182442,1053.6467098427347,149.75258455030792,475.60964299640693,425.86472619460017,448.6519963053424,173.11973754031467,3.7979198818895297,17.046136540197846,1.9471189281256973,902.7379542950771,181.4655648077127,74.99744732519517,0.0,NORMAL,0.0
2026-01-01 03:28:00,86.0300953726121,1046.274901008124,148.41902699787184,473.0119533452249,435.8662175374215,458.6336603083231,173.02855376527575,3.2459275907349827,17.646300334685858,2.5741814356326267,910.3510594848238,182.54703281419168,76.4207452776405,0.0,NORMAL,0.0
2026-01-01 03:29:00,92.70546298130944,1144.5503972449637,159.05677728281086,510.07628549457803,467.8970451019919,493.35422870671067,186.0810516419919,3.7309387533433442,17.303377102076396,2.765973847827295,973.6111576458682,197.08816555559332,76.98941404882281,0.0,NORMAL,0.0
2026-01-01 03:30:00,86.14178102138634,1048.9791778599506,146.71185606414005,475.5091394784299,439.42720171506926,463.5057317160823,173.77548821457574,3.973482872805424,17.08881153023591,2.0646321103296525,909.862952881433,183.2790887344468,71.14157148516858,0.0,NORMAL,0.0
2026-01-01 03:31:00,87.2711312803612,1065.7822608256529,152.11572757325254,470.4226999933793,443.6654176093553,466.7701757484585,175.60520582601075,3.4244470224955044,17.639707141998098,2.2227194792214786,924.7238938522886,184.46080657294453,74.80423674335846,0.0,NORMAL,0.0
2026-01-01 03:32:00,86.9080035269864,1061.895962614172,152.12667141512642,483.0945056034245,448.52923653441087,472.78040383122743,174.5777313423632,3.241811556101355,17.679484816005317,2.863953756517477,922.4272271275764,184.4914979012383,70.2040786144457,0.0,NORMAL,0.0
2026-01-01 03:33:00,86.30278250261159,1071.9770687955604,148.54999308825123,486.4070206267855,432.21722865475766,456.2274076892147,172.95327028332295,3.4186051267253257,17.48356830834805,2.659867516068112,912.4671928080592,183.1830819598304,76.5035176104453,0.0,NORMAL,0.0
2026-01-01 03:34:00,84.3694615107193,1040.7451183242729,145.61410797055996,469.9761573159379,432.0747649352503,456.0388965770309,169.29212551457906,3.5028009934742763,17.44653552314693,2.314814287936334,884.127913433579,179.24551069313588,74.93699959956633,0.0,NORMAL,0.0
2026-01-01 03:35:00,86.51793844098654,1077.6568051366028,150.3086641207839,489.9717165984964,445.38137432099126,470.15473089042507,173.21518682417204,3.6127575750013827,17.41122970022709,2.8606747010083513,910.3541565069845,184.1478302428335,73.34764964262018,0.0,NORMAL,0.0
2026-01-01 03:36:00,83.45434957092486,1027.80858946681,144.30808488430608,452.84031974833516,436.5549850374341,460.6736990194433,167.91481091605732,3.3817210540323903,17.766826682894866,2.8619607170362906,889.0259940602494,178.01317684568718,71.02193846341888,0.0,NORMAL,0.0
2026-01-01 03:37:00,84.52636278651998,1048.053569487438,146.65727895052834,466.5991871136619,430.22298407713254,453.2271246217191,169.45439277689778,3.8110397068294684,16.984216574593457,2.580715807904712,881.5614957550251,178.92556697616507,72.47639527891465,0.0,NORMAL,0.0
2026-01-01 03:38:00,84.0292729043418,1031.9392585108203,150.24335293484575,459.0991861009184,431.76865754347153,454.8431897939963,168.9257655524243,3.277093536998388,17.700833587305777,2.229951931637901,896.229864801828,178.70042487016136,72.32745962435268,0.0,NORMAL,0.0
2026-01-01 03:39:00,85.16374827877264,1073.0889740654602,147.251571016667,482.8429862449708,426.79942743105136,448.94044740461004,172.01254748435048,3.15215896956544,17.71457318633204,2.3759653889584613,904.2436327409491,179.9444016363855,73.38534646140668,0.0,NORMAL,0.0
2026-01-01 03:40:00,89.62931713334702,1084.417187143175,153.72729539597808,478.5161711592593,446.18680464516996,472.2809199166136,180.85828405315482,3.7213420848574637,17.113433647407184,2.585916023186617,952.8740517411202,188.33556187037846,77.81991792043422,0.0,NORMAL,0.0
2026-01-01 03:41:00,81.26546961481651,1015.7529032504355,140.60312081095444,460.08863704686166,420.55121995299106,443.59223131525994,163.51480078258172,3.0450757937587603,18.051619870775724,2.4434215512557533,861.6618502137603,172.26144547392903,69.66712298583626,0.0,NORMAL,0.0
2026-01-01 03:42:00,86.37252038074902,1070.0629726168113,151.04716451412338,484.87786976670816,441.8348004355048,465.70168740148523,173.70149839842648,3.4591740462254568,17.595288411224477,2.7816871534704553,903.4181766873758,182.66876260975846,75.98440291155481,0.0,NORMAL,0.0
2026-01-01 03:43:00,81.7745682576207,1021.8836735507219,142.29940403999484,462.2294839207088,424.7654047370956,447.07488289249795,165.4890737899519,4.12353622584161,16.921407125753113,2.0410677759671993,869.8974957837395,171.8875555260634,71.31155016034717,0.0,NORMAL,0.0
2026-01-01 03:44:00,84.05613626842113,1038.7084860954342,144.78545832598883,466.9021495564812,423.4136668972569,449.52000814444756,169.37265059702162,3.497591289408014,17.594511294565084,2.0517209412801285,896.934628304403,178.97260509625897,71.03098212299163,0.0,NORMAL,0.0
2026-01-01 03:45:00,87.17790119393473,1070.480804942013,153.40945985544812,473.2529552723015,448.48901666731746,471.84013946846045,175.1918991579312,3.27584646986075,17.676181640462637,2.55426133344473,926.4026209669145,181.58847696526706,77.41254629075598,0.0,NORMAL,0.0
2026-01-01 03:46:00,85.12856003819093,1051.7237151017002,150.53204606631365,466.4552312100533,444.9868893936739,468.8073859377515,170.54411101782162,3.488520507242641,17.468215741124006,2.3525366758579285,897.9721429644691,182.97193701586818,70.38633405830778,0.0,NORMAL,0.0
2026-01-01 03:47:00,82.84451044414139,1026.9750844251291,143.06591853473466,467.038128296535,426.3210802624933,450.05297111190407,166.88595749736515,3.4898398422760932,17.72873321939616,2.3118854155906776,878.8789098187272,177.1909000220791,71.09127673367016,0.0,NORMAL,0.0
2026-01-01 03:48:00,83.56939258148006,1045.3327169827498,141.62100896949886,472.02983181262664,429.22987043535556,453.29157692286765,168.55344704925156,3.5321299880706234,17.44321290650342,1.9695829842476809,883.029744470901,176.8777764387878,73.789348867335,0.0,NORMAL,0.0
2026-01-01 03:49:00,86.35919549786935,1085.697184994607,151.5538206264779,484.08377640095506,441.8387578934685,466.8886278433576,173.40256523348188,3.632452596431924,17.441060614873486,2.5058637534394546,909.4956226577466,182.72781735630247,72.64121018847119,0.0,NORMAL,0.0
2026-01-01 03:50:00,83.53926673656572,1029.8177495155787,143.9396404533286,459.83755207740205,419.841926397199,444.64163122482825,168.22413485070047,3.292177766326452,17.70846038776988,2.48417346759977,890.1696102215565,177.38150534671874,72.45052468278688,0.0,NORMAL,0.0
2026-01-01 03:51:00,85.43291717916395,1040.6311419958488,149.73062696707146,456.1234174327827,443.9424505743715,468.64573075855077,171.68404771087037,3.8375096110473588,16.9776645359448,2.6960436945855224,898.3415102353136,180.27667397033895,74.43301293732925,0.0,NORMAL,0.0
2026-01-01 03:52:00,85.09114367980763,1050.0286163145638,143.69650788428777,464.65718443240337,432.4014302000128,454.9654709100468,171.09027116001576,3.5490228568745237,17.246514242745352,2.5206718399362917,896.4423546451682,180.37490650720218,71.35186720788363,0.0,NORMAL,0.0
2026-01-01 03:53:00,83.69679930478837,1062.765086424427,147.33039363378117,484.66313000546944,431.00641280585694,454.299788321028,167.1496875807956,3.645358809280361,17.29674276872565,2.460218776527851,881.4478648805218,177.24959863187507,71.81248400464263,0.0,NORMAL,0.0
2026-01-01 03:54:00,89.28788817865065,1084.8421361068092,151.50948840941442,477.53457658771134,448.62426936039697,473.3633152009307,179.46488565544323,3.3743701200488716,17.731240005118124,2.853100191037101,935.4276441700113,188.48150364007031,76.1173028825021,0.0,NORMAL,0.0
2026-01-01 03:55:00,86.26783804463602,1079.069548500801,150.86328530508706,482.5752185064258,435.4418919006412,461.28221253717913,174.02036074047606,3.757276427399107,17.321552738264494,2.106259808965435,913.4104519055733,182.71713715275268,72.91079473204424,0.0,NORMAL,0.0
2026-01-01 03:56:00,80.94971482668478,1026.2741564076123,141.45311837570006,465.5468824290209,421.9240111295351,443.6224062075876,162.58372837558628,3.448589518237387,17.642818198185015,2.6609167656542727,865.3046635092577,170.58590185501558,74.36312156544938,0.0,NORMAL,0.0
2026-01-01 03:57:00,85.37290862953886,1048.1932038783086,146.15148410551498,463.002668211312,435.1280317029051,460.0870097932756,171.77208044318536,3.555510502698706,17.345784879407663,1.9986558505613954,902.8047025141623,180.78538698321137,71.77211419674015,0.0,NORMAL,0.0
2026-01-01 03:58:00,83.67642707046322,1042.454101496485,144.70056797984128,467.90519297249944,435.6485127325288,459.6108527387016,167.97487878758048,3.313378784562578,17.848208464449655,2.2484914359997576,879.2355317018113,177.5163018875439,73.95100224450634,0.0,NORMAL,0.0
2026-01-01 03:59:00,86.70486666959245,1083.33263292721,151.42993691830208,488.02263085843725,443.1331800526696,468.1276695905326,174.5899541773313,3.3006136747195747,17.602896995261787,2.136202860213006,921.2483893946346,183.53858296054082,73.57829130191168,0.0,NORMAL,0.0
2026-01-01 04:00:00,83.4149585231346,1030.358307821471,145.33422669093238,462.2058197381247,417.8653037508837,440.65657422179197,167.72165544750112,3.6376410612905765,17.38364137857642,2.7345827606355755,892.5780940015209,176.61408629083306,69.55869444073713,0.0,NORMAL,0.0
2026-01-01 04:01:00,84.77052711706621,1045.6694675696385,148.32461663654428,482.6098023061893,438.3129735839896,461.38618963306277,170.0714334637914,3.411278633958523,17.587686137050703,2.480376929921382,894.474059549929,180.67891201010178,73.0220501799631,0.0,NORMAL,0.0
2026-01-01 04:02:00,86.00997455796092,1054.2829364401227,152.96784300597236,463.3701782816582,437.10041120102653,461.7063045404792,173.6862248497544,3.3292353824991245,17.653377235469417,2.495949026622107,907.7069742460205,181.66629656104027,75.10616641514373,0.0,NORMAL,0.0
2026-01-01 04:03:00,86.73151038834024,1057.1675365764736,146.96878235908827,478.1606572800088,447.1509960092864,472.16297683685633,174.9274867834466,3.371363331594594,17.762495882234965,2.1679801036811646,919.8934070338194,183.69034668350366,76.22622746080356,0.0,NORMAL,0.0
2026-01-01 04:04:00,82.59940718588845,1019.5012964082246,147.13353592876993,456.9365098763075,423.1230902671427,447.25130174623956,165.89636098981282,3.639790614343484,17.289698333639922,2.4100919512201333,884.1034405978098,176.49611190570246,74.2040559700209,0.0,NORMAL,0.0
2026-01-01 04:05:00,84.33099752831811,1031.0705726155586,146.70520816752358,466.28782982040684,423.93939650187616,447.1230616915914,169.9108892113451,3.3741924277592776,17.490847046669533,2.2709604090072664,890.7108045545549,178.5826189166159,78.35529060252469,0.0,NORMAL,0.0
2026-01-01 04:06:00,84.05010937767808,1040.841928459373,144.27759596987087,468.54330714224545,431.0720207152433,454.02579972768564,169.36892475676635,3.476469013679567,17.525530534941076,2.6150365044562647,883.8388448717899,178.31468202282372,72.74111590965367,0.0,NORMAL,0.0
2026-01-01 04:07:00,83.69334153485258,1029.2336830379395,142.8793850508009,458.0276922296258,439.44782338502694,461.8614275592544,168.70783368721075,3.5030055500574195,17.457011776513927,2.2026726594005157,890.0905083798879,177.29029843339026,70.62848888023129,0.0,NORMAL,0.0
2026-01-01 04:08:00,88.53090848056219,1087.6469439235293,152.41812193928922,486.20375953170844,455.11947469538325,480.69482169829183,177.21468901312684,3.11653022279794,18.221208069110325,2.898938309561523,939.3044251713334,188.29918675468798,76.73047543803953,0.0,NORMAL,0.0
2026-01-01 04:09:00,85.8099634219219,1042.5406777571827,150.5582453567318,457.7267638458817,438.76222834458224,463.1242292442554,173.12323011436013,3.2057747189252965,17.8618760287187,1.9973258651127717,908.1302914713953,181.36220228225753,73.11554483672455,0.0,NORMAL,0.0
2026-01-01 04:10:00,82.47823209132991,1028.0911232354438,143.4622498962398,464.25268679703447,427.7678774664341,450.1904887068918,165.67161470119697,3.5672555778495125,17.391810364628626,2.2580440502630315,871.9916546150118,176.23981875994804,72.83451793276839,0.0,NORMAL,0.0
2026-01-01 04:11:00,86.83572389410955,1076.6925285571847,153.275895701659,482.1678037528265,445.2319617965633,468.95498621309486,174.49253382149845,3.3525941277694606,17.54179471531183,3.003160152989829,923.3291325960557,183.56785989357203,71.8742505225562,0.0,NORMAL,0.0
2026-01-01 04:12:00,89.24431239402527,1072.505767514538,150.9641172109348,482.1956078490308,457.2692331214403,481.66593596556095,180.80756566418066,3.7113449822560836,17.100626176687037,2.36945837561139,945.0833039629925,187.62916506460252,81.1321190000211,0.0,NORMAL,0.0
2026-01-01 04:13:00,87.0649305211023,1074.3898709094988,150.57321788596136,485.04653998923527,439.86652674471594,462.37686864996937,175.2807977325651,3.693361420850109,17.20411667057615,2.1055364006786763,916.8071276265055,184.8092342127787,76.36404060643287,0.0,NORMAL,0.0
2026-01-01 04:14:00,81.96126006809197,1031.8892906056526,140.43710321331173,464.59381544330967,420.97554046940786,443.20663509627315,164.72935889846036,3.6438337332710873,17.367660443904825,2.565721468761301,869.8580743374481,173.6178523024283,67.20100001888126,0.0,NORMAL,0.0
2026-01-01 04:15:00,84.0315318542675,1028.2189083557628,146.7745615466512,462.0280104412965,435.3348763534222,457.96778981428696,167.96041652215703,3.8639543574625197,17.27877850769696,2.357382327335637,883.5567808825517,178.68356460763417,70.80716767878407,0.0,NORMAL,0.0
2026-01-01 04:16:00,87.53382229837325,1092.0639468521094,153.07450822775448,482.42023705753735,443.48880073136615,467.2507617560466,176.76252666371968,3.4833821344513636,17.62878677978743,2.2492389233145085,928.7676752659221,182.33824021182278,76.65921992692648,0.0,NORMAL,0.0
2026-01-01 04:17:00,83.58466106876244,1040.036800781285,144.53546801578156,462.4536164942687,435.04578445004694,458.0593761742198,167.49671730212057,3.629776385180768,17.39313309798387,2.171238756760385,884.5354428407102,177.17452739941984,74.22041696735286,0.0,NORMAL,0.0
2026-01-01 04:18:00,85.88763885629245,1051.8262700053406,143.6230305711844,476.66418110302294,438.97966416073666,461.3016424479068,172.27355826083516,3.3831198046807938,17.584563428748957,3.330512081687783,906.6978344010009,181.31567241382743,71.16563583057004,0.0,NORMAL,0.0
2026-01-01 04:19:00,86.54926810685868,1064.9349902920096,150.221798453881,483.1556731453337,438.30749297660066,464.2454578560002,173.93286006417344,3.9904739825737447,17.03640725306747,2.424534429944759,915.3283086428246,182.03527752718608,75.66546618635284,0.0,NORMAL,0.0
2026-01-01 04:20:00,83.14613905684384,1037.0446596936556,145.5926856887328,463.627311695902,430.71885566882037,455.50733918329064,168.00048400953781,3.8967267304872037,17.05140946976434,1.922329791900137,881.6629290650895,175.73903711184786,67.62223150015123,0.0,NORMAL,0.0
2026-01-01 04:21:00,84.8809492878764,1049.569546792888,148.13001344173801,470.0578324534216,432.9707752606907,455.84029460220523,171.1485185690857,3.5023760869035585,17.66946031267283,2.9481129277016604,903.2841431865919,179.18819543146014,72.72608769935903,0.0,NORMAL,0.0
2026-01-01 04:22:00,78.51746531986186,990.5622131230823,140.2477623634371,441.70181337426413,406.3849010367398,428.9765674852304,157.9560118848036,3.5773172459810385,17.403763735891452,2.6833212715331713,838.1301058552447,166.98694484487314,70.0380659400959,0.0,NORMAL,0.0
2026-01-01 04:23:00,82.95122471733141,1020.3055112425204,142.28472971669902,463.9859887233454,423.29733042536435,446.87966203645385,167.05659546648224,3.771859519872961,17.219506694302364,2.2700600706940635,878.7302007793501,174.53512297337787,70.25794831365918,0.0,NORMAL,0.0
2026-01-01 04:24:00,84.49486369721367,1046.6422452124975,148.1027277567214,471.98398220345797,432.1751877684188,456.9750330116132,169.6895345479918,3.4705720990371787,17.307845658460757,2.2200642733941574,898.7669777207317,179.30600117468705,69.58204635949492,0.0,NORMAL,0.0
2026-01-01 04:25:00,82.5044336360703,1010.9071913916532,146.1416654790614,464.0689637389801,424.98996920202296,447.42086263546406,166.0786941169233,3.368675185840059,17.611781329507664,2.702041838847469,877.0480226291611,176.3750820573464,71.29597650161136,0.0,NORMAL,0.0
2026-01-01 04:26:00,88.26482260786327,1081.5359654651456,148.84005874378187,478.22277080015954,452.77859832726637,478.50963502761215,177.5663135881156,3.6747979502013766,17.408850463595115,2.4259245017531637,930.5152278972025,186.81057371267437,74.40242035301965,0.0,NORMAL,0.0
2026-01-01 04:27:00,82.13971724407874,1012.3580960261395,143.84887951795608,453.05319891536476,410.720927318135,432.70906837983483,165.76381943599816,3.515687849216734,17.377539893079412,1.9222066544664695,870.7735816496049,175.08842309738648,71.97089052739467,0.0,NORMAL,0.0
2026-01-01 04:28:00,84.11991102660603,1033.8438108401626,145.1715068778937,464.69475394869295,424.9933364325582,446.9071408500175,169.72341111443154,3.536598889929052,17.388329076621666,3.0361719893814003,890.4579958218447,179.33438450782586,70.52527595684872,0.0,NORMAL,0.0
2026-01-01 04:29:00,85.26148115457218,1064.975743297826,147.72917638565497,479.2227450077593,440.95445569681493,465.7263150409702,171.76995100024718,3.333145731386407,17.74612537038696,2.369802861335213,905.1411182615927,181.75945182132853,71.66391114435154,0.0,NORMAL,0.0
2026-01-01 04:30:00,87.88254657813224,1089.7385669872651,152.51917283427503,484.81708860716793,448.7520499461534,474.48041086758354,176.5839193774914,3.156465570327321,17.695868707320873,2.948671520944728,926.9903527077141,187.63523184908578,71.26403262075331,0.0,NORMAL,0.0
2026-01-01 04:31:00,82.12827569764112,1027.374138185483,142.21795641823456,456.5848498219247,418.0227219743485,443.51176704659656,165.6274625424773,3.54722848197582,17.55855161877837,2.8835304873897143,869.330711044303,173.7573493970063,71.04250998021587,0.0,NORMAL,0.0
2026-01-01 04:32:00,87.32632750430992,1062.3401473963734,149.63807509814166,479.3430966031672,439.8387674452622,462.6309805524351,175.6066707755183,3.68099240829884,17.26579320268385,2.1996971366551556,933.1070615902689,183.9341710234587,74.53925212689474,0.0,NORMAL,0.0
2026-01-01 04:33:00,85.02046612203917,1047.0405767234438,147.5990040180348,472.42190750210546,429.7036490038166,453.88775113908827,170.49997505972178,3.4548386501847914,17.50630452776609,2.8099569593089444,904.9033386291272,180.82439789240306,70.6396035561512,0.0,NORMAL,0.0
2026-01-01 04:34:00,83.0369826979041,1042.5008039788327,142.38098216913053,462.41895108871444,415.0759202897107,437.41991506040273,166.87232149985272,3.787285903911773,17.100326255575666,2.3045672350408957,876.5668236569152,176.78223161546558,71.81718358585746,0.0,NORMAL,0.0
2026-01-01 04:35:00,85.92420694852655,1060.6592386216646,146.71466016501944,481.04090945419335,439.11463114912505,463.85372141710536,172.89067738894525,3.359216734916891,17.678587891125897,1.9399898239588174,912.0967744549764,182.6240891966688,75.79350616010952,0.0,NORMAL,0.0
2026-01-01 04:36:00,85.39811939114693,1077.1744893112862,149.45592565263343,486.72078927049745,433.9984090528294,456.22783995423964,172.25134667412624,3.289059109006816,17.956928089496124,2.372620550193357,904.5729442397452,182.68552123654413,72.88735962607966,0.0,NORMAL,0.0
2026-01-01 04:37:00,83.79956624568241,1041.9288408507678,143.4017612982063,467.4430188265461,424.16489177348546,446.11036658646117,168.50736840528626,3.486553938560774,17.591595785385287,2.619291250532884,889.9534183331245,177.6105024001633,72.57598689618989,0.0,NORMAL,0.0
2026-01-01 04:38:00,85.13960416998003,1053.3165328647005,149.04203125678848,471.7246024577604,435.3574037240604,458.34939908709697,170.67460898434027,3.483481484929742,17.430089988876205,2.3611790056010986,902.0827483226259,180.70536489960625,73.65830583515435,0.0,NORMAL,0.0
2026-01-01 04:39:00,84.22937280627649,1039.2025634207398,147.26924179512264,468.45131422387544,432.96671718564613,456.69401709059656,169.48711645420138,3.6539937462670444,17.4595683122821,2.4078854977224697,898.2419412901911,177.4783573610695,69.97483859066327,0.0,NORMAL,0.0
2026-01-01 04:40:00,85.22703469050249,1053.6057559528476,144.38893857817254,467.1337870298578,446.60116311356217,470.2901400027019,171.51079740103327,3.345007435187203,17.623324610219374,2.843069813478584,903.9984486282822,182.58939050498094,77.29479939381719,0.0,NORMAL,0.0
2026-01-01 04:41:00,86.32426134904209,1061.7179151266155,148.13126271889183,474.83732344646666,434.06188964739437,458.4240384736775,173.74144151253554,3.7736188473629797,17.363829650779778,2.5319481940870276,912.9321699993495,182.31197777687507,73.11770941898911,0.0,NORMAL,0.0
2026-01-01 04:42:00,88.1720336322907,1088.801423089793,154.6462692545308,474.7586515128713,456.6570733779562,482.51682166511193,177.80400302255862,3.8933833925016508,17.187284247714786,2.2470105066145143,936.9312892078221,186.0358513364206,76.84985930955311,0.0,NORMAL,0.0
2026-01-01 04:43:00,82.5243690023463,1034.810713191409,141.8242224412401,468.30656350407827,427.4873528168069,451.46129799889263,166.55819962473757,3.4921711946063314,17.213514648846495,2.710609097100198,876.4101152289024,174.70198811368437,72.55792575633515,0.0,NORMAL,0.0
2026-01-01 04:44:00,89.26606674931253,1084.8007728880457,152.97029159935002,476.11284304300904,452.43487004967915,478.675401191824,179.23502806243422,3.7499420840368636,17.149649952667634,2.5593026700862733,943.2680603897705,187.88723763998073,76.13366314521852,0.0,NORMAL,0.0
2026-01-01 04:45:00,81.095824400955,997.6459144739722,142.5678583879363,456.5754649317339,416.49530177770515,439.7358934960458,162.88357707288552,3.288700585874948,17.80573793640859,1.7435185595613871,862.5283570219806,171.46221175306235,71.09024957088326,0.0,NORMAL,0.0
2026-01-01 04:46:00,84.69642980992883,1028.6022443682552,148.61142573345845,459.7902972774699,431.19398280295604,453.5367852327637,169.87276026437993,3.7150443082363833,17.30012141897812,2.6285058741314344,896.4962529824564,178.86915533696813,73.24878229157585,0.0,NORMAL,0.0
2026-01-01 04:47:00,86.17663441296915,1066.846257398817,148.7618738473647,475.680168049871,441.8116149669395,467.26557222882485,173.70267666107853,3.7094552817118926,17.188169123517323,2.6175486123148306,911.8124790946689,180.98747289788736,71.10602801592051,0.0,NORMAL,0.0
2026-01-01 04:48:00,85.56198373547006,1044.5861712929618,147.14795521382183,464.6957989867622,445.3555737443731,469.01819619598575,172.848377525109,3.6726874560379756,17.26395359241264,2.506036338874258,902.6863644108912,180.3386495506769,72.78504158587587,0.0,NORMAL,0.0
2026-01-01 04:49:00,83.75460096035881,1016.0171036740633,148.47664116393526,454.96664710001494,431.80103596495064,456.3015062628838,168.35166095676317,3.496887382225941,17.31248895576512,2.7675101743208725,883.7901735054687,179.45816503216525,70.77857896357894,0.0,NORMAL,0.0
2026-01-01 04:50:00,84.58375549928545,1049.723341038164,150.35343257652332,476.9819931410059,435.4618193625944,460.80864454727924,170.0467957162084,2.909150211751594,18.082012459495765,2.2982819247020494,890.8447030604422,179.90316614221226,71.74351431673611,0.0,NORMAL,0.0
2026-01-01 04:51:00,84.01399813068234,1065.0699764811513,147.9787132975871,463.58894730978517,427.9184440536385,451.77105426705083,169.76138753981417,3.3716545712695742,17.849414401332,2.6009499366462703,883.180064872838,178.9539004380924,69.6031921488726,0.0,NORMAL,0.0
2026-01-01 04:52:00,83.82127048611157,1038.1519957457167,145.9025420142974,471.6456252287277,421.6860691059362,443.2742137480684,168.89531989883065,3.3748167964630795,17.705676542610153,2.029912188649794,883.8141180541929,178.81974975964005,74.30988382238132,0.0,NORMAL,0.0
2026-01-01 04:53:00,86.69920419404205,1075.376949684937,148.43227484778123,481.8408972794834,442.4536799175082,465.65815174687384,174.61652624048463,3.3043490123879047,17.914692687730938,2.6221271150196497,916.1207067680859,185.2325429524465,77.56334866446046,0.0,NORMAL,0.0
2026-01-01 04:54:00,85.7140309719301,1057.9586033047767,146.910157644782,467.1483330826246,444.60319563397013,470.1560998825538,171.83260369087333,3.5244486009094134,17.563791108069587,3.085917908661969,907.6558976315292,179.65663939241637,75.5272307295409,0.0,NORMAL,0.0
2026-01-01 04:55:00,83.6141808094787,1035.1529115628755,146.46629942474956,458.68460265990404,420.43506476444526,443.2876953170247,168.5677256535971,3.416207310895753,17.686540623439516,2.201543094259738,884.7853252790487,175.99847850367087,74.43240309587723,0.0,NORMAL,0.0
2026-01-01 04:56:00,86.7991997508665,1077.1827623385427,151.03559606807715,489.25507007145814,438.720551913449,462.7361530440636,174.13383133147812,3.3350775980469956,17.862330270727504,2.2720593604036674,906.2134800580283,182.79467584083832,73.7500901266769,0.0,NORMAL,0.0
2026-01-01 04:57:00,85.61459904175322,1053.2432449756457,151.2250957485227,466.56976359054465,438.70433388993644,463.3983750005969,171.66218799053897,3.288239970350436,17.749486355583787,2.2869953671325343,914.0189222063439,180.75946828701686,72.21916556343051,0.0,NORMAL,0.0
2026-01-01 04:58:00,86.62572423767791,1068.9311655174981,151.23948654158914,471.8057136540194,438.20534726415326,462.8119374894413,174.0780626869725,3.356897402902954,17.624379864946356,2.538999467740479,921.689642991231,182.95087908477058,72.74340529651892,0.0,NORMAL,0.0
2026-01-01 04:59:00,86.25925768384722,1065.8095549004324,146.38272592225118,482.01039467199666,437.33367118366004,461.4791545552285,173.22561900597012,3.7242998423699856,17.378965909292212,2.1810891181438845,914.8213760945579,182.07153781488842,75.29553599299223,0.0,NORMAL,0.0
2026-01-01 05:00:00,83.34200997815586,1026.739195245128,147.11691020267963,462.38844247948083,424.5920569821384,447.61299146002483,167.5732201091192,3.3677949890745014,17.77758903463769,2.626374213607294,892.9575531443248,176.90332886944378,72.12773408881299,0.0,NORMAL,0.0
2026-01-01 05:01:00,83.87963791960605,1048.7168026914258,143.82333562478024,464.7970931938884,422.5701025770795,445.38593926020116,168.03878502194965,3.3970122587133456,17.554991277015432,2.7540519836407498,883.909558608642,177.7945712299573,71.949266912488,0.0,NORMAL,0.0
2026-01-01 05:02:00,86.49458721024652,1063.1962745355113,148.97393827146507,476.36163469122766,437.6023268201508,462.3403419864497,174.46858257372688,3.4086604769953506,17.519182614770646,2.6603041640361353,924.3839977055953,182.2663396253148,76.7859668565879,0.0,NORMAL,0.0
2026-01-01 05:03:00,86.22074053086693,1054.6499537137408,149.8315112088038,466.73121806729495,444.6208422382712,469.4054538812526,174.00532420899208,3.567798702761884,17.446086900481205,1.9694753723085783,907.3813349249166,180.2659322847463,74.78647513232424,0.0,NORMAL,0.0
2026-01-01 05:04:00,84.9581968120717,1054.947066556421,151.4286301976755,477.4829336146815,428.2541351492037,451.4095419060461,169.942722387073,3.5912498977057066,17.49189998898746,2.798550299547582,900.7756577471739,178.9235249187647,71.2892421746162,0.0,NORMAL,0.0
2026-01-01 05:05:00,85.23465476661757,1043.3618678482653,154.0718192619371,472.6516019636718,428.18391316061366,452.6752211316375,171.9585384360684,2.8910686921513675,18.18874041271479,2.781210224276104,895.9773610405047,179.92007087992255,71.82590615502266,0.0,NORMAL,0.0
2026-01-01 05:06:00,87.55532979157685,1075.83510948946,152.54644080563764,482.9940747898937,444.6265240602148,468.7288161480958,175.70539526824288,3.7043270427655215,17.15325619721572,2.749048411703891,925.6267683934904,184.86358014634598,76.40825043176977,0.0,NORMAL,0.0
2026-01-01 05:07:00,83.81685722232834,1038.0773822568412,145.35889259605173,467.0392582089716,432.7440636241909,455.52960463106604,169.06220221314805,3.7872736068487507,17.403886999857583,2.6118526745967476,890.0994047132754,176.50404698534615,74.13695148317187,0.0,NORMAL,0.0
2026-01-01 05:08:00,86.09419476234008,1071.8009032817165,150.21030344047122,487.5263019370235,439.48636477171596,462.7017123113984,173.15416627834696,3.289962692527666,17.645920814532648,2.5660567942615398,910.168495967728,181.69758305818374,74.978716274384,0.0,NORMAL,0.0
2026-01-01 05:09:00,84.59561469513221,1050.7031292801216,148.66873289444598,470.2796833489898,430.65516808508295,453.2091856530273,170.20561717230493,3.305540351053033,17.66795314925811,2.809716819437919,899.5255341717728,178.06024200177885,76.47026925184994,0.0,NORMAL,0.0
2026-01-01 05:10:00,84.56463759354556,1045.3961063480042,146.20562113920394,462.2490719120977,433.04498195530584,456.42482103646745,170.0367263623805,3.4099493224443456,17.499785241556875,3.0770540462810363,896.1414481828918,179.00345583554278,75.92172440629928,0.0,NORMAL,0.0
2026-01-01 05:11:00,87.19755370397438,1080.1532000317466,154.38675326778622,484.3086495768602,437.25923135557366,462.35591720168856,176.0011720100655,3.348799196108679,17.92103368748503,2.214087860990545,919.3634633978563,183.32201607958615,75.64011463288104,0.0,NORMAL,0.0
2026-01-01 05:12:00,86.65083269797606,1080.4104024699336,150.4363905653469,492.594396235659,445.72769175875544,469.20898116566275,173.6818713896896,3.5447853747893214,17.479421692239477,2.8234376187384314,913.6742603907488,182.45276073958166,72.64350483941784,0.0,NORMAL,0.0
2026-01-01 05:13:00,86.62701927200128,1071.8482957835315,150.93601508618468,473.6655208474834,445.0522715170246,469.49336085389393,174.55795871337006,3.110694942728227,17.804207549203618,2.4741348705977644,920.3247615830912,181.9453544130134,71.68164039413749,0.0,NORMAL,0.0
2026-01-01 05:14:00,87.61095761430866,1076.2131023415204,152.74828492557194,478.67792710313825,446.00824570106465,469.6519686404905,176.7725803110621,3.276414478392652,17.809977876603593,2.46109808439142,922.8408659940517,185.06841453304753,74.3140026014175,0.0,NORMAL,0.0
2026-01-01 05:15:00,85.04200768326552,1037.3017145091537,148.4061847461272,467.0029159941688,440.2396609753097,463.9913349828037,171.44218540680126,3.8078394400349813,17.26907413789602,2.0390407928853884,904.9970916850799,179.21756759657865,74.54003303944474,0.0,NORMAL,0.0
2026-01-01 05:16:00,86.36390594258992,1052.9879227951456,151.22373991482414,470.9256448730295,436.1820492181844,458.48111046710835,174.89016134234154,3.3143560065303963,17.666871291111615,2.4145631771453813,919.7526183900588,183.63459615185528,77.74441891269582,0.0,NORMAL,0.0
2026-01-01 05:17:00,84.37946648681309,1040.7424178245842,145.3346933571258,461.38544922794716,437.5368774003333,461.19318304119344,169.49445959226384,3.748685655620585,17.335375015657753,2.2008205126094755,885.4510955564002,179.16478324031908,73.33846725827208,0.0,NORMAL,0.0
2026-01-01 05:18:00,85.64833270497688,1050.388205028176,147.35589554957326,475.7645712924228,439.01413185286066,462.77113306569873,172.77531782125052,3.5710676391180276,17.346403164798886,2.360843671148216,912.147958986274,181.22681354177013,75.85611175244398,0.0,NORMAL,0.0
2026-01-01 05:19:00,84.73971389126463,1045.5274258827917,144.90926237095357,479.811173963203,432.0158065069323,456.1568847763146,170.42638246485853,3.1381464570823483,17.812561715422724,2.170544084866555,907.6992524048698,178.68194228518547,72.3011561406361,0.0,NORMAL,0.0
2026-01-01 05:20:00,85.19399192998543,1052.5064185488254,148.6699903562186,471.98322471464974,435.8705914730856,459.8874019599953,172.00468689814718,3.627065839043241,17.171912495500152,2.365327483806098,903.1999381058639,180.76850416528717,74.40073179444344,0.0,NORMAL,0.0
2026-01-01 05:21:00,86.19031405087382,1067.2000680523056,150.84334408333496,472.3596857722423,440.4152464253144,463.23761662162815,173.37678360388696,3.476466539561429,17.391138352016615,2.378166892892979,914.8985614352124,183.0713289910963,75.5989648996534,0.0,NORMAL,0.0
2026-01-01 05:22:00,83.36355863353306,1032.9305985547396,145.96088368260337,455.4274367966285,432.91920764975384,457.6493662762851,167.53317937613488,3.408906588750052,17.771856491817015,2.5290264755316403,888.8206129571763,176.86980567926776,67.7316583551214,0.0,NORMAL,0.0
2026-01-01 05:23:00,89.18477455137092,1096.7127619519713,157.12614669375145,489.97498468689446,450.54047711949954,475.2778040156966,180.02258520467765,3.548991418634401,17.61515144413783,2.0155750413126006,940.4703339378141,189.97325095820878,75.52094203634371,0.0,NORMAL,0.0
2026-01-01 05:24:00,82.9879652370006,1030.524396518107,144.4707558178428,467.7291453238241,421.12722998927,444.38198500591096,166.73014950449172,3.594926697113358,17.411652167751537,2.066344555676403,880.7910534876953,176.435567792076,73.28977295815622,0.0,NORMAL,0.0
2026-01-01 05:25:00,82.57162277442454,1005.9615620807067,145.19491747282183,454.7604635647596,428.0396283324851,451.43242739572423,165.4368826693988,3.641518364394924,17.524774780324062,2.608574281219158,869.1452300961299,176.0568527664171,71.60623489081276,0.0,NORMAL,0.0
2026-01-01 05:26:00,87.31622174700014,1063.7688635318138,148.79093086822158,475.4955262081313,443.60343405908145,467.26584831481335,175.37402005241336,3.7356505695096005,17.24834198182957,2.2607685648789704,923.8553926126538,184.76600890953625,72.45994730129824,0.0,NORMAL,0.0
2026-01-01 05:27:00,86.58332538792587,1064.3923783220425,149.10078867694,472.8105930698705,447.4192923262873,472.0080592823504,174.476167249146,3.581627182555671,17.394031787187537,2.8223589370689792,918.3238138574814,183.84231522910872,69.40641555888598,0.0,NORMAL,0.0
2026-01-01 05:28:00,86.24823963410431,1050.385448912632,150.763434966288,464.69336140146237,449.7383780855651,474.70088542577196,174.19249864400217,3.2248731822427277,17.78077788260383,2.567580916604514,915.0632114556754,181.69969803553943,73.26703021667944,0.0,NORMAL,0.0
2026-01-01 05:29:00,86.25669101852856,1068.5661974852476,151.08324074927913,481.6002356257235,439.2744799579346,461.4913082644858,173.56894672470537,3.405270908469762,17.58223693199788,2.6820286450619224,917.8940338032735,182.05498367384433,73.86218142903509,0.0,NORMAL,0.0
2026-01-01 05:30:00,84.97550645430617,1065.0625728664986,146.87532578613087,480.5938872535274,438.2843439044074,461.6598002622817,171.61011144222937,4.088609667053724,16.889870700590258,2.9232076961262683,895.8810536523841,180.30037646209473,71.21255926378825,0.0,NORMAL,0.0
2026-01-01 05:31:00,83.20549125702834,1044.2425310872566,144.66503838182638,459.968363501449,420.2589948784424,443.016997651961,166.73189505331788,3.6448982120763453,17.46944159863861,2.4070867564580283,879.391878786916,176.75308199561405,71.85056287967866,0.0,NORMAL,0.0
2026-01-01 05:32:00,85.15160911638745,1049.3816624545725,144.69166618121955,477.7018598727324,439.5317120722763,463.7644682815844,171.08158650036594,3.9738574601622996,17.04115610523332,2.327653988375117,910.9936278938313,180.81083005571816,74.13406078757575,0.0,NORMAL,0.0
2026-01-01 05:33:00,83.64567657697577,1051.3640271382574,144.75445646385043,473.41596695977296,429.2255028148127,453.8800889614805,168.1470655953745,3.779086816439837,17.292161360003544,2.761510775679644,885.7051239009393,178.39174604623028,73.25791560303308,0.0,NORMAL,0.0
2026-01-01 05:34:00,86.9502394668355,1070.989069240376,152.2061255272928,485.3936009218794,447.11638874497856,470.7004673676307,174.84319921993475,3.5483604143111496,17.554777638216585,2.6528540691789058,920.5025636049166,182.4755077618556,69.84835372360375,0.0,NORMAL,0.0
2026-01-01 05:35:00,84.70588523699573,1043.687992658777,148.2092378877067,460.76455832108525,430.3015658248017,453.318682269224,170.45381766811656,3.5602814139562233,17.47853716560925,2.4438009070536095,896.7238021613313,178.43731792638116,70.13613799398036,0.0,NORMAL,0.0
2026-01-01 05:36:00,83.34900560641498,1027.3560294287404,146.0248398523849,454.11329099441895,418.439610954239,440.8490573913045,168.04346669152605,3.492683992024631,17.410288875384545,2.9174373900867825,879.3816519326245,176.9275838539042,71.06995918842252,0.0,NORMAL,0.0
2026-01-01 05:37:00,84.35722831669402,1040.547586302059,146.63538984940294,465.47418797198713,434.30240190721764,457.21599441247395,169.49205321430279,3.1524390768307002,17.712274334272898,2.436326707048021,901.6899292213992,177.99009300158457,73.63012891543015,0.0,NORMAL,0.0
2026-01-01 05:38:00,85.82586290855124,1054.3768609001002,148.7529206800832,474.26466649451606,428.81229878035896,451.90572722426464,172.72124016057904,3.503609450493645,17.511268612987084,2.5098320912667345,905.6201220259094,185.02949405839186,74.63915835394107,0.0,NORMAL,0.0
2026-01-01 05:39:00,83.87255089439205,1040.4296711676752,144.48818406264118,475.15367258170494,427.77600201074756,451.93560433127294,168.7225403436221,3.7421349105084394,17.240739459009067,2.5063667952502775,883.0890813253858,178.26082140795424,73.041780611267,0.0,NORMAL,0.0
2026-01-01 05:40:00,83.35555920886713,1035.16133189917,146.43099565370576,467.59492732874367,431.4837053764355,454.00405514989296,167.24817346578868,3.380072001035759,17.62866714185625,2.2196218315304588,881.3018907021576,176.6327875688041,70.91761148315585,0.0,NORMAL,0.0
2026-01-01 05:41:00,85.48737442298382,1054.9042044313724,149.07300752325452,470.74827538848876,438.39636079428425,462.7439932291514,171.91791550142693,3.5823905998123617,17.416003996262777,2.5232756168459174,894.8652142212105,180.4592795728838,72.73463266376713,0.0,NORMAL,0.0
2026-01-01 05:42:00,85.48993314221744,1059.2687131196378,149.21893740931176,468.5756392095257,447.19137893503625,469.84904565176976,171.90803651948633,3.6703182091786393,17.58803915683802,2.9190280532195474,901.6428940972585,180.49970400124184,71.93528797693048,0.0,NORMAL,0.0
2026-01-01 05:43:00,83.98611364925775,1051.7675992404409,144.92710078855146,476.85704255977214,435.0561140091976,458.24758171321525,168.88968701601397,3.318063912137505,17.548913462298362,2.6334904946128526,885.0204935033158,178.00236795983068,73.7252791756179,0.0,NORMAL,0.0
2026-01-01 05:44:00,84.05792338876336,1050.0747752420468,141.78019924340254,465.20638296806516,427.0201250021889,450.04164195208034,169.13172650581743,3.409739427131267,17.39126594588662,2.5093190279196795,893.6663770422701,178.22782871014797,70.40536113553154,0.0,NORMAL,0.0
2026-01-01 05:45:00,85.46409987471527,1039.7920190626537,150.3904552355803,474.0591503989231,437.4570662728336,463.00477925938935,171.96603651973723,3.296417701904568,17.736819981447393,2.451469815650299,901.2739275493534,180.47150060473703,75.07135269015136,0.0,NORMAL,0.0
2026-01-01 05:46:00,82.10383131700536,995.4991018210341,142.19807206349122,446.7777174803811,420.2823030723046,443.02161592116715,164.99151504445706,3.3355668786621187,17.626790865879062,2.5992601085219054,875.4773328479479,173.9345103874908,71.09877152987958,0.0,NORMAL,0.0
2026-01-01 05:47:00,82.1850724512469,1031.1939236248618,141.55205714878412,470.43047981303397,413.0144784395039,433.4639588880282,166.00650226947943,3.2424789432693877,17.789127843703607,2.7249299885467555,878.8431444778156,175.7144294777284,70.6579690040872,0.0,NORMAL,0.0
2026-01-01 05:48:00,83.56311155749513,1021.9623285907971,146.7316251600707,462.17958788661525,423.1135632050539,444.27035245844536,167.54148280038876,3.3199103077243945,17.738477994504006,2.682771649266926,889.5369922563893,178.5107280776413,70.53706844644319,0.0,NORMAL,0.0
2026-01-01 05:49:00,84.5731056965763,1043.4834029468361,146.0756332650262,466.7083837315222,430.0617239479822,453.598839731728,169.78572633891767,3.7838911361595677,17.34451933335832,2.4004405414534062,894.6541155214627,179.3982453730875,69.9474008349328,0.0,NORMAL,0.0
2026-01-01 05:50:00,85.62181513119602,1044.5170210513666,150.55259546488728,465.209826561416,427.92797314170036,451.93814265457536,173.63361207450382,3.3169045941819415,17.532372823779664,2.5974344782330343,906.9237237954881,179.90237053515528,72.20214659220073,0.0,NORMAL,0.0
2026-01-01 05:51:00,87.9507124338991,1061.4873199631907,153.16008055000205,472.8903885985459,449.99102951075366,474.8660368439186,176.38242919030358,3.525291843812138,17.419036366402146,2.6439819223444836,921.8821996382707,186.43992802443725,74.70055620986952,0.0,NORMAL,0.0
2026-01-01 05:52:00,86.71531924640404,1072.5678197460882,151.440117516007,481.1687113603115,442.33123700875495,466.6153689649937,173.7537611554532,3.399426249265809,17.643449876622267,2.1978415037419063,916.4842956014342,184.9849209344191,69.63420677396073,0.0,NORMAL,0.0
2026-01-01 05:53:00,84.68012294007315,1054.392781003758,144.28827298770864,472.14289488259186,425.03614519380784,449.4502120510039,170.72748425264692,3.735773187407388,17.341273172161333,2.550469162355108,892.4990370603973,180.73002698210868,72.34938804138919,0.0,NORMAL,0.0
2026-01-01 05:54:00,84.96196758419462,1043.854571834679,149.86683934706474,464.5727716935281,436.83090224735975,460.13285613899063,169.88537524150232,3.7622324593207233,17.457112495708113,1.8516088341092916,903.0913077476927,180.6583610211989,74.81828880340773,0.0,NORMAL,0.0
2026-01-01 05:55:00,82.99494127072438,1004.0389897857947,145.01491296855428,450.78743886272974,428.5540700770767,452.8766841369574,166.87224558646255,3.6728139964277893,17.4227564006836,2.6447601129463556,892.8131746534661,177.41230549673458,72.53038882744725,0.0,NORMAL,0.0
2026-01-01 05:56:00,84.96297372801521,1044.1672927976272,146.70590631353042,468.05980226764666,435.9500410344005,458.1155282010941,171.99885991856868,3.561226910620551,17.43309422979082,2.6981029163688044,902.1288454600211,179.97933172850946,71.97796723092915,0.0,NORMAL,0.0
2026-01-01 05:57:00,84.42268272215972,1048.1448672756226,146.92080101792408,458.614276438175,430.49307273475375,453.11277853855336,169.07289748324274,3.4537880926318203,17.457168332073913,2.7242638377359376,884.2711264768238,179.47346841415316,72.63201877455823,0.0,NORMAL,0.0
2026-01-01 05:58:00,85.64543712067618,1041.6652555190205,144.91568521521762,468.95694278155173,441.1843963621402,463.4365747853154,171.299891998483,3.26162505916175,17.681945955566345,2.3814859443491296,904.64822024219,180.6100986750272,72.40402055769694,0.0,NORMAL,0.0
2026-01-01 05:59:00,83.34553811289535,1035.288980326745,145.83561279230437,459.21698600711403,430.12879236686024,453.3603866845335,166.94148562481186,3.8887057762244392,17.05202394147985,2.5927140505072104,884.0678357558259,176.98334168194643,71.97395195698769,0.0,NORMAL,0.0
2026-01-01 06:00:00,86.03869302848234,1060.2338317930935,146.9992965263594,468.3268707012087,441.73048299101015,465.7707459232943,173.52656584113817,3.3480653964494893,17.717457966401888,2.9271861536623502,910.8237174111247,183.4069203009352,76.91117007027394,0.0,NORMAL,0.0
2026-01-01 06:01:00,88.06547782600515,1086.4476932560624,149.39287616732068,476.14235556687146,446.20432787785194,470.62864576397106,177.6933440120032,3.6327292694065685,17.392970475152016,2.9241308944873774,927.0007126320077,185.5415322405234,77.38937986605389,0.0,NORMAL,0.0
2026-01-01 06:02:00,84.78247970308628,1049.0206007150043,144.12900118219363,460.63877779666234,435.2954023429873,459.12205581302385,170.30866500768332,3.7119131145246795,17.155721928391102,2.491248190232032,899.0512557440475,178.70351597670827,73.86757237385453,0.0,NORMAL,0.0
2026-01-01 06:03:00,85.80342344419789,1048.3035450331633,150.93051191627669,462.5441804977039,444.9945204751169,468.31669316806097,172.94845309039633,3.388943900618934,17.567465952472023,2.541795889218868,901.821730257382,181.70433582741947,72.65696893059088,0.0,NORMAL,0.0
2026-01-01 06:04:00,86.38028798342222,1075.7685948508672,148.31190518774775,476.76233315219446,438.91829462405246,462.6739685108419,174.45570363060042,3.7076025054631923,17.38015224988195,2.83327334342033,909.0783362207969,182.53391376312044,75.60410717262747,0.0,NORMAL,0.0
2026-01-01 06:05:00,84.19755905622833,1040.3902948320135,149.3637940041755,475.9224136204383,441.4774919768038,464.0539199070383,170.28879131967156,3.652842640667771,17.382323594829636,2.0497593954213476,895.2045787703019,179.04426583352708,68.98429334223657,0.0,NORMAL,0.0
2026-01-01 06:06:00,85.44818496362083,1054.208804241109,147.10067451932665,469.0541233169676,434.6127701481773,459.7066376307184,171.77320228665175,3.845592767076353,17.21127169452492,2.4030772771968927,899.4035334818093,180.44311040129463,72.85384100691489,0.0,NORMAL,0.0
2026-01-01 06:07:00,85.02518480156358,1040.9191684249038,144.1230612871595,467.2564179013017,435.2879590745186,458.74873095534656,169.89963374429217,3.4061307067146576,17.63216146429107,2.900671136661027,902.9429060430971,181.76880921872987,74.18757068089877,0.0,NORMAL,0.0
2026-01-01 06:08:00,85.19535219709766,1047.5206994590617,145.55997941574918,471.01068671615633,432.6143330054567,455.75616353668585,170.98026493299048,3.242827196544057,17.91981587691683,2.79256016250543,895.1062030976964,179.10102829623426,74.63712418577363,0.0,NORMAL,0.0
2026-01-01 06:09:00,83.45398043228907,1025.6917771826218,147.65259388844748,460.93203680412796,428.3862563410467,453.39450948654314,167.69455876711052,3.398902048911098,17.62470225747134,2.6107791332949715,893.3639337418495,178.16169565079787,73.10295332626275,0.0,NORMAL,0.0
2026-01-01 06:10:00,85.04902034851789,1048.7607428859446,147.2617341669035,469.1170798507479,426.53399327941304,448.61844640983446,170.96857129874658,3.541770708506866,17.419627011706062,2.048250278400814,896.6188538731586,179.33319146872768,73.6288776572337,0.0,NORMAL,0.0
2026-01-01 06:11:00,85.9959965824909,1077.0770506263325,147.89742028075517,474.85435143253676,437.24977391837086,459.98667550025743,172.89806346447745,3.5116425454170113,17.396781950469634,2.4850269300876513,908.8416329658918,180.1960104303978,73.40534730782495,0.0,NORMAL,0.0
2026-01-01 06:12:00,87.90228721559008,1065.3038607265873,152.17346727509067,483.376182032031,444.05083007620755,467.15715125514936,177.36402173014548,3.42131242074509,17.603648525075883,2.32302538112502,930.6759384613529,186.04244958752903,76.39778171212505,0.0,NORMAL,0.0
2026-01-01 06:13:00,86.91854165217042,1053.0498025429367,151.38137795059072,480.25590423536414,445.2694000003135,469.4649986186297,175.47429751768462,3.1181605082045514,17.637769090317942,2.599311670845164,916.3586667591987,183.58247531832694,72.62911124056374,0.0,NORMAL,0.0
2026-01-01 06:14:00,89.30636491502311,1107.775352425167,156.1943450043396,484.6968474994534,461.5040614526601,487.0108961549307,179.52689300308384,3.5940965992258214,17.38747450059091,2.257195994561536,943.7806789555876,187.5031204621432,74.75573740543199,0.0,NORMAL,0.0
2026-01-01 06:15:00,83.4653048742239,1032.5598119707204,148.0949557711217,457.90378183385627,430.55655530669225,454.8240585401447,168.47985218647372,3.89446889581644,17.084947118191426,2.192282981507618,887.5298323648396,175.24923285673253,71.89571325229971,0.0,NORMAL,0.0
2026-01-01 06:16:00,86.74464127344136,1060.7556853478145,149.39742461858387,472.9032224272408,431.8649095629123,458.03015035855293,174.66811323019826,3.5928502476246007,17.270702667013673,1.8805404166949076,922.249478896931,183.48092175961125,74.74210830417059,0.0,NORMAL,0.0
2026-01-01 06:17:00,85.3666840114767,1064.065886988728,145.397930645051,470.80366582094024,447.0437683220229,469.1465242839233,171.7656210093847,3.621827103810703,17.2853463123237,2.8665414054930105,907.6243272946318,181.70920491457724,69.64211685205207,0.0,NORMAL,0.0
2026-01-01 06:18:00,89.37960586643534,1087.7399032669848,153.24247847740645,487.6257890740733,458.374429035281,483.90188607616955,180.21248381142567,3.6144890612310205,17.466476691783804,2.3800688465670827,942.93700634534,189.3441652259571,77.41397745504732,0.0,NORMAL,0.0
2026-01-01 06:19:00,83.3834034292897,1052.0941314283664,145.5956661571003,467.19629155931347,423.0345214439835,445.6291169436105,167.80293288269837,3.57940933397648,17.443661840931018,2.5471437351107604,883.100875422679,176.82351350741865,73.25217949927055,0.0,NORMAL,0.0
2026-01-01 06:20:00,83.32055631563844,1039.984821869777,143.05331662103643,476.81920908694383,427.3884211731469,450.1714270829155,168.67001821982578,3.6863331933736188,17.323845639997113,2.4993285650577457,894.9511059465095,177.11996020449462,71.50187457757818,0.0,NORMAL,0.0
2026-01-01 06:21:00,83.80121470911196,1033.1330330096625,143.78752023387787,469.20595617558297,429.88702265807325,452.761601662723,167.88322383482665,3.5790747362371333,17.45156001715607,2.1797698201118503,892.761592432366,177.57521528584607,76.78990433385756,0.0,NORMAL,0.0
2026-01-01 06:22:00,80.75220855138039,1029.0951676464588,141.81588859017035,462.70093721174464,410.4267991721441,432.0393694599433,162.24683165321477,3.4374645660693446,17.57179819272555,2.122280526565542,852.9129672322028,170.07469285973042,68.23589662847395,0.0,NORMAL,0.0
2026-01-01 06:23:00,83.94848995663848,1033.4277503363514,145.82543023181682,468.5060314511393,430.7320331199028,455.9531596105014,168.8337204648,3.3408022179982493,17.783484038287583,2.1984054622008293,889.9848403852126,176.47608592805352,71.43661763853704,0.0,NORMAL,0.0
2026-01-01 06:24:00,83.4817346768926,1042.2383004890191,145.28819600616208,472.4248223173942,424.37131194636146,448.4321748706935,168.1831956990142,3.450205268943865,17.5621376492265,2.283049468351182,883.141631075035,176.7603008248005,70.99525392925966,0.0,NORMAL,0.0
2026-01-01 06:25:00,85.30078757295242,1056.000801533589,146.4341906900285,469.5805831731445,434.48212790131197,458.229430274935,172.23555538945638,3.562825899290133,17.29135278932799,2.6099818741041414,902.3312045599085,180.44092185953875,73.08825483577989,0.0,NORMAL,0.0
2026-01-01 06:26:00,85.68351195155432,1069.8525324095312,148.06446649891993,473.8599267411027,434.98616407899624,460.0864880354331,172.35482461949056,3.436783407775405,17.726229588712037,2.2612847009438166,900.6876437270029,182.2180065816154,72.88935993531088,0.0,NORMAL,0.0
2026-01-01 06:27:00,88.75234167843178,1103.1385287515864,151.28004622911106,491.64612681548283,446.5983519434606,469.4157405753348,177.79356853211044,3.562867736626286,17.474166290106595,3.0239471894783865,935.463800612388,188.2619875806383,73.18825225353568,0.0,NORMAL,0.0
2026-01-01 06:28:00,86.9008476763721,1069.3285182543787,152.1316683368077,482.0395879242412,445.2334207329374,468.16438663825335,175.22295230097168,3.5878300267400833,17.35324460018041,2.8081453107679453,928.0662556296905,184.40682836850314,73.42758154862473,0.0,NORMAL,0.0
2026-01-01 06:29:00,83.84619268867519,1030.92774818329,147.83978770246028,463.06640126658317,432.1574606259576,453.5873659250608,169.06986476042135,3.6666358862540362,17.208023941916462,2.7425078648997125,891.3573083911293,177.4121026642732,71.881712759392,0.0,NORMAL,0.0
2026-01-01 06:30:00,83.20317065730329,1036.6314280024242,141.11238026147873,456.7675887900147,428.5902712668983,451.3203702901199,166.43541198491687,3.756558993767796,17.283032428328006,2.464102329258055,869.5758995322756,175.02568914449643,74.01968068996662,0.0,NORMAL,0.0
2026-01-01 06:31:00,85.983838343013,1053.061229732609,147.11673579413468,467.21036967328945,444.0188179782412,468.381457403858,172.9657746191906,3.5156014836957716,17.472681315806792,2.9542842207161453,915.9220008926198,182.37974782309203,78.19155722115623,0.0,NORMAL,0.0
2026-01-01 06:32:00,82.35953358595872,1043.7292083348534,140.5462418687579,467.12181901596955,423.41936897986795,446.6931960067937,164.92399625657728,3.238444686970468,17.918969991632775,2.4345983106636626,879.0434834741329,175.2442364851796,73.55857466446828,0.0,NORMAL,0.0
2026-01-01 06:33:00,88.6629175317087,1087.9945286279144,151.69432842874926,484.8194834295366,450.65096016745895,475.33285008689177,177.99350951466636,3.430979180636162,17.534430091297157,2.490621575753726,934.8327487955548,184.9373036009397,74.37957596602175,0.0,NORMAL,0.0
2026-01-01 06:34:00,87.35888024144258,1069.9355869013048,150.87144442258312,487.836945644471,450.99272052936885,474.1312997247712,175.26635601940376,3.50881251348132,17.407449407550434,2.5509923619247807,927.1751201333419,183.88342229630248,73.49548497190173,0.0,NORMAL,0.0
2026-01-01 06:35:00,84.0616486957906,1042.463290016555,143.19318260428884,460.0553762946271,423.5206557797433,447.49984331134453,169.52792974070218,3.132846248764582,17.95673337305901,2.7105469121630033,886.31949090382,177.4322430141873,71.93066180161378,0.0,NORMAL,0.0
2026-01-01 06:36:00,81.57373094181824,1002.2660465228854,140.51687678647673,453.43436481833356,413.36529779652875,436.2731902045942,164.20587697072258,3.7777329040204966,17.314795285251186,2.6910724237008954,863.3860308368505,173.26581208475992,73.82810253116178,0.0,NORMAL,0.0
2026-01-01 06:37:00,87.70774474833082,1067.3613070982017,149.55370237833324,484.3900883809221,443.71772338453786,468.6366638352308,175.77269399628364,3.5284755825020935,17.488389554258926,2.357462416466619,934.5701792866574,184.61212906389596,74.83534769430088,0.0,NORMAL,0.0
2026-01-01 06:38:00,84.77092030949477,1059.713342174392,147.57091512304004,485.2425855968708,439.25488184317044,461.3248637577389,170.98187360046822,3.576270566916057,17.49136513785143,2.340101884172214,896.3505528955992,179.5037060501649,70.16172126652096,0.0,NORMAL,0.0
2026-01-01 06:39:00,87.47563262394692,1068.1873834497553,151.3521376099929,475.2529662639824,452.092105690435,477.0082018337546,175.23436233592963,3.773105292505253,17.223125995420524,2.6919708871456254,915.4076679296943,184.74073030754084,73.97815182525147,0.0,NORMAL,0.0
2026-01-01 06:40:00,81.81114468241127,1007.6423369972933,141.2732419169424,455.51408206251836,421.49224959728133,443.37909683722785,164.787346260058,3.3739714339715308,17.649415076129394,2.7145709751673697,867.794930710206,173.46313989328482,71.96302774956784,0.0,NORMAL,0.0
2026-01-01 06:41:00,83.80124995409246,1043.3790270661973,146.0555166754175,470.2004126124722,434.3658990965213,457.686870798796,168.19549457353912,3.614808386176806,17.50169070207959,2.3819946625531383,887.6195575763527,176.88610561448417,73.42088051706614,0.0,NORMAL,0.0
2026-01-01 06:42:00,85.01048739943637,1061.9619155409937,146.42237092998002,475.7621748741639,430.65602308512194,454.72318913801445,170.8381362576075,3.478027175379613,17.58450465802254,2.023843579096464,906.096716841231,179.38198974480608,72.60795658656579,0.0,NORMAL,0.0
2026-01-01 06:43:00,85.09396118752949,1058.1291449819455,147.09763156064213,472.7574319865817,437.2127815369523,461.1645142200559,171.44005774907816,3.463182626596816,17.519889929569924,2.437805171197527,901.0112939861737,179.1076553152783,74.44199829714366,0.0,NORMAL,0.0
2026-01-01 06:44:00,84.09986905704152,1050.9591674284734,149.49670776615935,472.56354391888965,429.8734731432918,452.5156068206771,169.4604628136128,3.345561522439124,17.789674732153493,2.6870577396477575,888.8907790132138,178.57980555465687,67.73355084053955,0.0,NORMAL,0.0
2026-01-01 06:45:00,86.245699864695,1054.8890477612554,152.0494719006232,459.2943886784037,445.46290984289953,469.74232849122893,174.15988426616798,3.8331206427373057,16.930393819983543,3.041625053925934,917.682279373106,183.06250235798137,74.2042183618214,0.0,NORMAL,0.0
2026-01-01 06:46:00,82.86475914123481,1014.4294847449297,141.69797623799704,459.1821413482851,423.74767454341304,445.4035229553401,166.6883914326339,3.4248999919848857,17.780307339157307,2.1406126112978012,879.2515425748536,174.95890033234429,73.01317815572511,0.0,NORMAL,0.0
2026-01-01 06:47:00,84.71524102995741,1062.1657468191288,148.73232638069447,475.4971882459614,431.6514907077366,456.3843326390218,170.5837074913965,3.6398928493791405,17.189511241131786,2.3720286241508277,893.4022968917454,180.95112215593187,71.10646627365686,0.0,NORMAL,0.0
2026-01-01 06:48:00,85.2405912634238,1049.1791142458164,149.48368000411887,468.5592712144353,438.9074989099239,462.64758983592384,171.26231386564544,3.1249985225056127,17.812292195017157,2.3831789315423872,908.180900436946,180.16658107940555,71.51979593774647,0.0,NORMAL,0.0
2026-01-01 06:49:00,86.0288776681175,1057.7804465166246,146.74678992467102,483.3464895852477,444.5252341765437,469.87004582962624,173.1487502775464,3.735997705937957,17.259910540542535,2.9067416018294505,911.2570855037591,183.58794096003157,70.09020582896706,0.0,NORMAL,0.0
2026-01-01 06:50:00,86.42322975617778,1077.5142389802684,151.27239992177638,477.6310254981546,438.77442280665485,462.18661225989155,174.0662025363598,3.710442231191412,17.274909701735773,2.48951754986241,914.2469273951749,182.20433233852395,77.31837499456361,0.0,NORMAL,0.0
2026-01-01 06:51:00,82.75071581632426,1033.0694582572492,147.2019375613115,461.21240335757454,423.4482007248594,446.0970347726958,166.45227670892132,3.5194868220594606,17.581154281943196,2.2278020321883205,878.3967001203009,173.4748538560491,69.76026469901628,0.0,NORMAL,0.0
2026-01-01 06:52:00,81.93177165852876,1023.8765943061037,140.65256787530433,469.50840423346517,414.3666551244355,436.3208010940195,163.96166807501126,3.454611506772415,17.439604831366562,2.667608584876546,863.9643747282046,174.26574114196987,71.02750388254724,0.0,NORMAL,0.0
2026-01-01 06:53:00,87.55535364379702,1097.203559886981,149.49802482366698,484.7211174305432,435.2864631315204,459.9269602197895,176.27644273575947,3.580000001122713,17.446076680625595,2.378608443987716,922.9152675570786,185.35925239271302,76.25211699800437,0.0,NORMAL,0.0
2026-01-01 06:54:00,85.66462802395918,1050.2110979357903,150.5322649696258,467.33386275963346,439.32543827686453,462.5822790333793,172.51153678659608,3.9577581321760578,16.98442065800197,2.1326838179926138,906.6641932487557,181.36364984322594,76.55583831745025,0.0,NORMAL,0.0
2026-01-01 06:55:00,83.50302692688689,1044.3086705496812,145.79753101198162,466.98834110271827,430.5596614157076,454.7322399189082,167.6659671155998,3.147352660219303,17.882161437714437,2.2321680078171546,884.0569507937455,176.3638213753298,71.49462599353825,0.0,NORMAL,0.0
2026-01-01 06:56:00,88.10230395104504,1081.5931707594214,153.25640847704662,486.8409407144163,451.82185380065886,476.0304940930225,176.56241438405382,3.6564054775148254,17.33711729650539,3.0202125863267857,937.3851814245334,186.17003567660427,74.4029835732792,0.0,NORMAL,0.0
2026-01-01 06:57:00,85.23134926858572,1054.9994154744898,148.52820233567957,473.0387787265625,426.4089377541568,447.753421341973,172.2006381124234,3.3176765395692196,17.691617025699077,2.6152627664948387,903.4005219494923,179.9514390793019,73.53121471200969,0.0,NORMAL,0.0
2026-01-01 06:58:00,87.35859436812765,1088.8706279454018,151.81928339404774,479.08512444239943,445.03872469025595,468.7203468569823,175.9629114917025,3.4960163207400536,17.448991196013512,2.5323280166357627,927.8604632944587,184.41483916992357,77.4550360475867,0.0,NORMAL,0.0
2026-01-01 06:59:00,85.13503696282022,1056.4287271910985,145.04961118760818,469.91064806080345,424.5834460138457,446.63351010017516,171.1555334101796,3.4504239761842674,17.498569628806123,2.425031879256386,901.3973464010814,181.1117061814055,72.76768450745462,0.0,NORMAL,0.0
2026-01-01 07:00:00,89.12149584976397,1096.597919288136,155.77687918788888,485.6023955491934,462.45598478709076,487.61268675012764,178.6744752579542,3.414336348440449,17.614390902962292,2.58764465263564,946.4964009163704,188.42720892905805,74.38745851664302,0.0,NORMAL,0.0
2026-01-01 07:01:00,88.5106816848864,1095.831890221962,155.10520251218514,487.9466508626697,447.12313551384165,470.28888455385925,177.61045595556214,3.497906974189454,17.59646457638615,2.5840707838007484,937.0944556317299,187.6313147571048,72.7270297312784,0.0,NORMAL,0.0
2026-01-01 07:02:00,84.50207170304185,1041.3711897349897,146.29432606642672,468.67769418714505,438.7873765625087,463.65272049134876,170.6554386044768,3.2731657709444417,17.667006295635773,2.5876506484621977,895.0878194573609,178.7722748994579,70.15906259322304,0.0,NORMAL,0.0
2026-01-01 07:03:00,86.94314190190872,1061.039322345697,150.32775895323536,476.50675771771864,449.4450577279643,473.8262347540095,174.95511477425146,3.7058360872255935,17.20728715831712,2.534453527083326,919.365003574292,183.54426645801266,76.2832965163403,0.0,NORMAL,0.0
2026-01-01 07:04:00,86.29075189917029,1052.4594270514926,146.37391284364398,462.1037120503551,436.95080773317113,460.62075212507096,173.30621026484022,3.14117129776028,17.920174718806905,2.760639501491665,908.135325860248,181.42802126745192,73.39135256672262,0.0,NORMAL,0.0
2026-01-01 07:05:00,87.73726311506469,1057.709065256887,152.6344041846327,478.40333104055907,443.0223908189848,467.8294024977216,176.72937084574173,3.6079529025656685,17.388796708128563,2.5069313038002194,929.9072097513285,185.1044896175612,73.97476867221035,0.0,NORMAL,0.0
2026-01-01 07:06:00,83.0701530788398,1051.2636020878012,145.74934450168797,471.7682850651036,427.10261647613066,451.4216542340131,166.73310706395642,3.434692829493086,17.648356983905508,2.2066183493342084,880.500507115716,172.81919160209046,70.02418801670395,0.0,NORMAL,0.0
2026-01-01 07:07:00,86.37210291999688,1052.688945542752,149.4337723459967,477.99823845507035,437.63889441406906,461.5007403830029,174.49462735513393,3.265815021238509,17.643605257424376,2.3162731327297394,911.2110693990628,182.1539838736881,74.26777405639787,0.0,NORMAL,0.0
2026-01-01 07:08:00,87.11684897369918,1068.955953501134,152.92398018028976,479.80337303690703,446.0966680792869,469.63030118370204,175.91009821484673,3.540476674119739,17.281579433337917,1.9062943919530864,926.7007985910521,184.15182377020753,74.21456899142818,0.0,NORMAL,0.0
2026-01-01 07:09:00,81.48252102715377,1012.0570772726485,141.55562707877075,460.3294456977382,414.99846718173427,435.97442092470885,163.73175501870614,3.1886097826587045,17.758089809158662,3.1080451348127176,858.5741301420637,173.5287157085777,69.63975253428451,0.0,NORMAL,0.0
2026-01-01 07:10:00,82.63348297466845,1029.4088967247756,145.07943631378987,464.0962852471609,414.26162280101414,436.2886541840297,165.95263082582147,3.507942764343927,17.415421974729572,2.758826377585806,874.2223502695224,174.99828807181194,73.80543423535624,0.0,NORMAL,0.0
2026-01-01 07:11:00,80.9215356444798,1017.372728570191,139.34297478933547,463.6802202090902,403.4553381267767,425.0108927864676,161.53400468961345,3.215424618437689,17.776696541554283,2.250978851461229,864.3539501886958,172.1907448312046,72.81326107930713,0.0,NORMAL,0.0
2026-01-01 07:12:00,84.46118633111088,1053.2165981947062,146.64467519491785,473.8978924579714,433.4393528980274,457.21837799592106,169.18158227644608,3.5922544168635664,17.344061061709393,2.41544654518087,896.18947801571,176.74258400083153,69.34890571907071,0.0,NORMAL,0.0
2026-01-01 07:13:00,86.43508451159192,1058.52007073023,149.30391825158222,472.9184520598775,439.3676338263065,462.9908686364838,173.20043413570497,3.315128533273925,17.75897316185972,2.30893705773807,914.1115504776554,182.8133321709769,74.80325307155945,0.0,NORMAL,0.0
2026-01-01 07:14:00,88.00471410419206,1078.3759239040564,152.45768700036996,492.712543163857,447.2581214363897,472.3089604802606,177.0770233788778,3.409801196594138,17.56138377716361,2.9627641634122353,931.3021587576714,184.3299254154707,73.85004708611086,0.0,NORMAL,0.0
2026-01-01 07:15:00,85.14818956083955,1054.3076951132787,146.9832304835926,476.1682636567109,439.2202669996667,462.5682970783794,171.13326226945844,3.5587898775886324,17.456257572288756,2.0740368507187212,902.3789664636398,179.08807560601977,72.62204942094945,0.0,NORMAL,0.0
2026-01-01 07:16:00,88.25723109114259,1080.0853996495903,152.12290144537056,484.9028819648582,457.1533668388751,481.95399401396594,176.84179443857755,3.345491577631553,17.670271878212542,2.534342817645634,924.9889981799962,186.32729663442132,76.22434164316746,0.0,NORMAL,0.0
2026-01-01 07:17:00,82.23979708357022,1038.4714265959021,145.01178996823833,459.0070485556692,419.8362618110421,444.0120623447911,165.33901214590816,3.4884072000663395,17.531088309174876,2.4674416472305456,870.6516614089625,175.755858155014,70.36639783299434,0.0,NORMAL,0.0
2026-01-01 07:18:00,81.5932351212897,1020.8421007292794,141.5163242074581,451.8953022043941,416.26318207189917,439.4181663894491,164.43913881640307,3.1972338997510295,17.800353189203474,2.7480515892127344,874.0149594854657,173.55767700604946,70.73550785828702,0.0,NORMAL,0.0
2026-01-01 07:19:00,84.88890460220676,1056.2378238825659,144.1202027018328,473.9587069637356,436.94523817660325,460.7324625437449,171.04172887937133,3.626175120719231,17.4248849483218,2.4687972316825917,895.5924253481818,179.79604020155065,74.25706409382926,0.0,NORMAL,0.0
2026-01-01 07:20:00,85.76813089787862,1064.3101216654604,152.15136415522878,476.45165465502544,432.0559766408952,455.0568310310048,171.5864266553278,3.8529827611101544,17.067451725507265,1.9725373370033694,906.0898039082646,181.51673140629015,74.20365831938354,0.0,NORMAL,0.0
2026-01-01 07:21:00,84.93461050381181,1061.0808436129714,150.16482391309867,471.361724620147,435.78881779279754,458.94502728572246,170.8050892673817,4.058441773581992,17.081500019083396,2.424664649607268,896.6380012215722,179.15559211441916,71.65401579471421,0.0,NORMAL,0.0
2026-01-01 07:22:00,80.86511579992025,1010.4613735862396,138.71314830966912,454.88946293255617,417.085008858712,439.08864604869564,162.03856121135468,3.5182336293332876,17.458112632329858,2.2083513346170025,858.2160818826118,171.18624818646782,68.43369342599556,0.0,NORMAL,0.0
2026-01-01 07:23:00,84.82175992097443,1035.249279730186,148.61205549195202,472.04284653229234,437.5099506469603,460.84444131352546,171.094384190519,3.6576408281594373,17.211204258050696,2.5238738639669682,895.3019850531228,180.07089588741965,69.97799734354348,0.0,NORMAL,0.0
2026-01-01 07:24:00,82.3910609989903,1027.9074895074293,142.58064195738277,464.64000817572327,412.27154148243915,435.64078439530545,166.17419520615735,3.143874865418502,17.874932470280672,2.930253110956098,876.3443175006933,173.3967614795361,69.20500820415081,0.0,NORMAL,0.0
2026-01-01 07:25:00,86.33934509766007,1056.8798820386824,150.03599207715223,467.0469102667093,437.88994913925563,461.5625583249262,173.2296765821579,3.8005468652611176,17.114335086494133,1.9781724267303165,914.380018038052,183.27174424560317,77.99561280192512,0.0,NORMAL,0.0
2026-01-01 07:26:00,85.7331964921937,1052.0457981044394,149.1882429963175,470.26077510606103,434.2746661968512,456.6386264373125,172.0833703831872,3.655245700944821,17.411287752506066,2.259933179380029,911.1997029974721,181.07788591726853,72.00255004556446,0.0,NORMAL,0.0
2026-01-01 07:27:00,83.1202404273453,1037.066044461004,144.2115450403853,460.8015853801388,426.1006369087725,451.1738380472709,167.00984732944144,3.4032133110097535,17.817747246594482,2.334192113864951,875.9476984425081,177.06603792956014,69.1094347169886,0.0,NORMAL,0.0
2026-01-01 07:28:00,83.97226616532662,1052.1054923676024,144.39086791681711,468.90369736499815,432.265053725473,456.19827160289185,167.81813563328757,3.7474361600578017,17.173906630786412,2.3855106713760366,888.0209592388517,178.90562578788533,72.81766865595084,0.0,NORMAL,0.0
2026-01-01 07:29:00,82.8815729562221,1029.0284453295817,142.94127732970063,459.5432998036845,431.8914168183404,454.07904425874426,166.93112999916448,3.4491047846709315,17.584132448651467,2.7220376992315733,877.6871164041603,174.09006189993846,71.08452884639397,0.0,NORMAL,0.0
2026-01-01 07:30:00,84.87464180545366,1051.8347481805263,145.479578877218,468.3456713591905,431.898381625428,455.0514517794586,170.61286133773726,3.4083949633970887,17.416054477732448,2.447936674731584,901.0246526049797,179.16770284768012,72.50852697066448,0.0,NORMAL,0.0
2026-01-01 07:31:00,86.91028464100248,1086.1249958563772,148.70178254504282,478.1743214826839,442.0635607134663,466.2776251319681,175.30565682328887,3.595066985085498,17.450323537858637,2.6247408177161335,915.1367404239896,182.96504159406433,77.34631964562615,0.0,NORMAL,0.0
2026-01-01 07:32:00,83.02854790732891,1032.6930108681747,144.40846528089466,462.438930939679,430.8910996310383,456.1402467058876,166.50789120567654,3.2873291000339364,17.624099519986096,2.3122680868804673,884.8637480945808,174.24436784958468,72.52109167697986,0.0,NORMAL,0.0
2026-01-01 07:33:00,86.00809303103568,1086.0977614521607,147.58061956833203,481.63606639662777,441.52334984782993,464.4914048819626,172.7066245879464,3.7043249528799898,17.23319158527656,2.568977303625381,916.0130082629449,180.98365278586195,72.7464885614216,0.0,NORMAL,0.0
2026-01-01 07:34:00,83.93948476325512,1045.0499440888666,147.27333127630794,453.3727341855353,436.0356813722155,460.8135061601822,168.1257068974907,3.2888020376146314,17.601069313401386,2.7333392892633146,884.4504858943733,180.3202253717756,71.30263597542054,0.0,NORMAL,0.0
2026-01-01 07:35:00,83.4142543354753,1016.5349157631949,148.09587381388482,466.8788264277863,428.51491169242576,453.3401437040194,167.3263633892035,3.2899890420353626,17.78322608057011,2.2803101350788735,881.6881788802852,177.43801856716306,70.72623044056888,0.0,NORMAL,0.0
2026-01-01 07:36:00,84.78593928009089,1055.3928090119541,146.01880243739626,477.600971875865,428.1441133068881,450.9226646671579,169.98088756214767,3.318062042318333,17.782668393428995,2.7344074359419546,895.1997352594484,181.48916652878754,74.57823066723321,0.0,NORMAL,0.0
2026-01-01 07:37:00,82.92951535516126,1033.1067374004404,144.87308203381264,461.36119133555115,417.98193500191724,440.60351813315293,167.35701754974573,3.6519000075032246,17.350438513962626,2.5157118306182706,892.4570845750001,176.68812915034084,70.72731702522273,0.0,NORMAL,0.0
2026-01-01 07:38:00,83.89270138930564,1051.824541433884,146.83842230456435,470.8239118222566,421.7059457012336,443.7549337389215,168.4362718542356,3.3766449276960584,17.53691240177037,2.8136380721446757,886.777513367017,177.0435596176028,68.52785410653621,0.0,NORMAL,0.0
2026-01-01 07:39:00,82.6042442148223,1032.7742556609226,144.850370864072,457.2514305277812,426.33148024790387,449.4445931192188,166.2705762720169,3.2304008431265663,17.92855146048382,2.439574029976908,884.4305693590037,174.82671723297057,70.98675601438916,0.0,NORMAL,0.0
2026-01-01 07:40:00,88.92945026583278,1087.90994281849,153.54608593458136,493.64259151645035,460.59023544459893,485.583157242486,178.66851882973467,3.3788640000128405,17.546094987211696,2.6143733965486295,932.9613426827948,188.44733671190588,73.06950821041038,0.0,NORMAL,0.0
2026-01-01 07:41:00,85.07052710394346,1038.462288676541,149.09115549263464,474.871358944482,444.5994462266492,469.48906853606405,170.50632157488053,3.4935915258639025,17.290205244143355,2.487818130496441,895.7570162086128,180.57856041135997,77.42488288666456,0.0,NORMAL,0.0
2026-01-01 07:42:00,83.60054898401484,1033.915257267288,146.36532138138358,464.3495715481479,432.2182715816904,456.91936863179535,168.11694775644386,3.2638055032671227,17.782033397728586,2.471136321387826,882.5724671809073,176.62375595232135,69.94910335951741,0.0,NORMAL,0.0
2026-01-01 07:43:00,85.42795982146845,1045.7743936725915,145.66661488754806,473.4274106899634,442.9539919950172,466.35359553014644,172.1554713088687,3.2696637781931313,17.619858754442717,2.577679128467707,900.0511516574519,179.3459264723577,73.0186383264593,0.0,NORMAL,0.0
2026-01-01 07:44:00,84.77534390061834,1041.948204508136,148.90132797970605,467.65571569792405,430.9766378398233,452.5581446675885,169.946808104965,3.9222592668199168,17.17660161253,2.661042240767471,896.4139453353908,182.83844898862543,73.33668058989694,0.0,NORMAL,0.0
2026-01-01 07:45:00,84.55806080093356,1051.4663920535418,148.61167287593383,463.90292962703705,427.0082249209485,450.3373913877197,170.5206779972328,3.3278869192372227,17.633999311095437,2.1251305264227986,892.036716995728,178.97497192952432,72.06913231938839,0.0,NORMAL,0.0
2026-01-01 07:46:00,86.22833340008685,1078.9823790443827,147.81592789177313,479.5338347729348,445.39206366252205,469.9552043756168,173.03180633943487,3.4353915262453985,17.624979797809022,2.9300900826453633,908.1866260371957,182.13092790699108,73.40260591713711,0.0,NORMAL,0.0
2026-01-01 07:47:00,86.51501542009461,1069.096869499176,149.84839880103712,478.2983876335302,444.6634808616701,469.14607259243866,173.7885388771528,3.426552599840143,17.71359743481507,1.9421010878350604,920.9425141833128,183.14336530409452,75.05566690839744,0.0,NORMAL,0.0
2026-01-01 07:48:00,83.93899770477894,1027.4311464274376,147.27515454279055,458.6997199772578,430.23221039559917,453.4171476678701,169.1433369710629,3.415728638445912,17.463385475092014,2.2945563670783313,895.5089451603553,177.63526682024684,75.20363008141571,0.0,NORMAL,0.0
2026-01-01 07:49:00,83.84836351871064,1042.929661869308,145.35391763890723,466.078598360548,431.17867499671814,454.862360846218,168.36500895881153,3.6242693479938204,17.319136938916937,2.47171927877053,893.230117678983,177.81945594512678,73.6137089786031,0.0,NORMAL,0.0
2026-01-01 07:50:00,84.44989660569671,1056.4652809234235,148.82080100407708,472.12911458182384,433.86541044077455,459.07412577116554,169.91858064106134,3.68962859009441,17.30280430263988,2.6237067907257843,897.1189608348888,180.18674049750985,75.51694504170446,0.0,NORMAL,0.0
2026-01-01 07:51:00,80.39615767052884,997.8637476620945,145.32198149503196,448.74110657551057,418.399872651912,441.7016004534701,161.63496992666362,3.4388091136936816,17.71494601820975,2.9728517583224137,854.4252920341862,170.66776686137126,67.22368792023607,0.0,NORMAL,0.0
2026-01-01 07:52:00,81.96961787560289,1018.3560070892997,141.38245474813436,457.6036952882073,426.3230173020993,449.2657997422012,165.0039197545577,3.2527043426815303,17.681457385524425,1.9425125535324679,867.2110253026995,172.77652531187803,71.21041956699304,0.0,NORMAL,0.0
2026-01-01 07:53:00,87.73374853488905,1077.4843672961824,148.83853359602602,475.69072158649,451.389844436147,475.4591388408583,175.27712751701634,3.7548880455697806,17.185661584835316,2.347691761483087,922.571697825115,185.30585327529948,75.4974909320278,0.0,NORMAL,0.0
2026-01-01 07:54:00,88.28993542700256,1075.0503711392032,153.0425403317136,476.4350677100416,455.67869149782746,480.29277371504116,176.6650299464011,3.4809317817606633,17.566882275794917,1.8619499536602204,934.714332787189,186.1154690725952,76.33413092495553,0.0,NORMAL,0.0
2026-01-01 07:55:00,84.50192792088724,1051.502083547311,148.19601689158316,464.17791209042457,435.07995236656006,460.4706899467187,170.3118393447979,3.846064362971434,17.096212764457512,2.5094865921730745,889.1511272461383,180.42775477902134,75.35400627798094,0.0,NORMAL,0.0
2026-01-01 07:56:00,86.15311392611153,1060.3216577750375,148.76793814147777,479.017740858446,438.4597209703846,462.19940630937765,173.82481855504759,3.0508828204869674,17.964369767802793,2.5815050753500093,906.5615346152383,183.47734691696064,73.48091284130511,0.0,NORMAL,0.0
2026-01-01 07:57:00,85.62250030908707,1060.420327529941,151.34027179027268,463.6398963027748,441.89532492000103,465.97029682148036,171.78975726640837,3.5390806442566642,17.305765613646525,2.977238722651376,911.9895693718947,181.35252561860494,72.68699351416149,0.0,NORMAL,0.0
2026-01-01 07:58:00,91.15776161691048,1102.7026943910837,154.0594308259192,496.8490294730181,458.8163327402561,483.2748358063326,183.19350905773538,3.8837212667752414,17.33771172748042,2.536190428268036,971.0808613777152,191.0367873790017,78.99417088836572,0.0,NORMAL,0.0
2026-01-01 07:59:00,87.23914982286915,1068.0169152254573,152.24456198036697,484.1385130764972,451.4652068758252,477.1374505770584,175.62565927218947,3.4293471729123683,17.43588190405669,2.813207538832714,924.3579739195239,183.25240738229837,71.23491440316363,0.0,NORMAL,0.0
2026-01-01 08:00:00,84.74416481703847,1054.6654617486624,145.9045255840399,470.35528176455193,427.7482093863622,453.095457110425,170.8349384349063,3.454901315333073,17.512923414267906,2.675151124461718,902.9739339318579,179.5034528956615,72.32162775538642,0.0,NORMAL,0.0
2026-01-01 08:01:00,83.08891911879915,1027.160859667074,148.07213449061334,447.84865842769307,426.87361202796944,450.66790567879934,166.1639996017629,3.5591023383180675,17.437649558097725,2.3694255408984497,879.6599496007716,176.5141612069196,71.20273991646843,0.0,NORMAL,0.0
2026-01-01 08:02:00,81.78710735948485,1035.1407121071825,146.66569174556352,462.2497320330366,414.70976700529343,437.52802825934356,164.1311945954805,3.3882408362230083,17.803027977212672,2.077311775962388,861.18270266441,173.19959189964365,68.58896865497402,0.0,NORMAL,0.0
2026-01-01 08:03:00,85.40692727173445,1050.0729108611984,146.57707773203498,469.7082435380353,439.80158127404434,463.8284431709208,171.64756485354394,3.4375856135894534,17.429929808317272,2.582500689487543,907.1301308104373,180.33368495926166,75.43965984010072,0.0,NORMAL,0.0
2026-01-01 08:04:00,83.4872985094314,1037.1198323518329,144.13183349232992,459.79494184108864,427.26686641751746,448.2459029496076,168.32616711748082,3.4324369811617195,17.765933432386156,2.052369394856391,887.7194317106644,176.38179778568414,69.66535817285856,0.0,NORMAL,0.0
2026-01-01 08:05:00,82.15549258080465,1030.8808341267775,144.95241464516658,459.7762416816698,412.8036831132066,436.18901813315176,166.56020040347005,3.3745158531147252,17.701201828995476,2.8885621218008932,871.9132685774478,174.28759120136536,70.45264796791612,0.0,NORMAL,0.0
2026-01-01 08:06:00,83.70685423151495,1022.8848849858192,144.7860200476934,466.80492998864446,430.63776931266716,454.30382419429634,168.29970559962504,3.7457713100401118,17.295938222402214,2.451381369388953,885.856665024624,175.03094611095685,72.55179783585791,0.0,NORMAL,0.0
2026-01-01 08:07:00,82.83690399277121,1010.7609518079043,144.16453355329233,457.6290165346705,421.29491607969254,444.7880039343379,165.97031925449042,3.592215606459287,17.309321024838916,2.8585532234534248,883.1800928206177,174.57248135677273,73.97642631716921,0.0,NORMAL,0.0
2026-01-01 08:08:00,88.37428327014513,1068.4862695557504,152.6122017463025,472.7716872504097,456.2771499547925,480.37954525844845,177.9497005788909,3.5501256464206605,17.506988477783146,2.3559356697602802,928.8141675343139,186.1215156948429,75.67831374635439,0.0,NORMAL,0.0
2026-01-01 08:09:00,86.76327951389891,1080.2586361732608,146.30557295845304,474.11545862132715,443.82302601316655,467.6297204348478,175.18705692256816,3.6617142013780235,17.265937136379996,2.5806552359202977,913.7638922445358,184.73406222274974,76.28293079937555,0.0,NORMAL,0.0
2026-01-01 08:10:00,84.98405471736676,1044.321965714743,147.44840658386167,466.0936996978484,436.89737851377396,460.3312225029595,171.02211649522326,3.4471288333593066,17.679537291960532,2.562804657200407,894.8000146398655,179.1542957928046,74.38843456844766,0.0,NORMAL,0.0
2026-01-01 08:11:00,87.95988827778005,1105.180875634483,150.5603768685417,491.0050663570411,445.0115966138242,470.28379942858845,176.46645228298297,3.34515923632942,17.55773456075981,2.486486764596723,930.0237475909797,186.1002446973913,75.61482573456233,0.0,NORMAL,0.0
2026-01-01 08:12:00,85.15473661529523,1045.9048901663784,146.7458592781433,470.84295200336794,432.82702191933936,456.08961317870325,171.78847020133048,3.3794751390770883,17.609209011477304,2.3702021459810223,896.1079010924061,180.53601598152147,70.94476247568929,0.0,NORMAL,0.0
2026-01-01 08:13:00,83.27743159734348,1034.619829005405,147.80341140295286,461.1713480393238,424.093964806212,449.3813233686324,167.8866360039362,3.5003566082209217,17.44411608297776,2.617736805541156,879.3531050708585,177.85277970034772,68.75278355606609,0.0,NORMAL,0.0
2026-01-01 08:14:00,88.04624815453931,1095.8835810710718,149.55635844325047,490.910930305238,454.5147531739093,479.67135325161985,176.5794558869808,3.2881576583254195,17.61309004543188,2.2221510209550375,926.933703734257,187.35507371604277,75.65000932646983,0.0,NORMAL,0.0
2026-01-01 08:15:00,86.07782008736932,1080.8391297552844,150.74314050454993,492.01142210241494,448.775985875874,471.93910250967207,173.3463529835058,3.399947796682665,17.674184185008126,2.1371694013122826,909.4751592120234,182.09813720594371,72.77686232209022,0.0,NORMAL,0.0
2026-01-01 08:16:00,82.9255076913471,1049.8701126798348,143.83033567635704,474.0255501841553,420.6016796980211,443.5032173896702,167.34964816652362,3.396776671625713,17.65676920311525,2.8728480679980484,871.818204681451,175.37553064150475,73.17892833644026,0.0,NORMAL,0.0
2026-01-01 08:17:00,84.61932264383279,1058.2768887442594,146.3694636287575,473.0703129610499,438.48085394245237,461.7532215174186,170.82959030894503,3.9249112459658027,17.195989773924296,2.7181503966676304,896.6292513985143,178.57481218483989,74.18717115126339,0.0,NORMAL,0.0
2026-01-01 08:18:00,83.24876349323048,1042.7282601904194,146.45388903194916,466.1755517209013,415.39543037752395,435.97081942658014,167.46430249880623,2.9452370120132167,17.876775477165967,2.519767482580672,888.7241531856283,176.25646376399519,71.22978880571029,0.0,NORMAL,0.0
2026-01-01 08:19:00,82.23440053807133,1028.2692748727252,144.03170339624478,459.52434427819077,415.2010556848952,439.5605794092538,165.289761353053,3.4640760557188734,17.64234101451523,2.9995427147631344,873.021462242297,174.03476772181907,68.47209458257453,0.0,NORMAL,0.0
2026-01-01 08:20:00,86.85235509506329,1276.541889106738,189.17734908155214,486.4260692471804,266.009997621753,464.1444198963217,175.3183471011672,3.845138758562954,17.405406131972736,7.850516349552293,926.2301566746395,184.2583375994848,75.50335517526518,1.0,CRITICAL,100.0
2026-01-01 08:21:00,88.81883328094025,1293.225248683317,193.05627205593032,479.9340230286903,296.9902464535031,472.2314114232719,178.03258631039006,3.524368892826491,17.430466998255813,8.133353159611556,944.8583237387871,188.0579763793657,74.0191677324819,1.0,CRITICAL,100.0
2026-01-01 08:22:00,82.20286485236171,1181.6266043316907,204.99595485974552,455.7647774207576,247.16269911103828,435.9166050888139,165.62501935018392,3.6506834946842184,17.538831366526676,8.319734914967448,875.9173237598563,174.99753089586844,69.24536403602764,1.0,CRITICAL,100.0
2026-01-01 08:23:00,86.12593847338114,1242.827676750779,196.0575432803692,474.7462455732862,278.3334460508506,465.447403705282,172.56686363308006,3.5199652630199534,17.45371860977406,7.730558447128024,911.6328139469958,183.51116065819843,71.94191930227461,1.0,CRITICAL,100.0
2026-01-01 08:24:00,83.69871486175634,1232.3217317223496,208.18428041464034,461.60519999286805,266.6424058850872,450.31078047159406,168.93011785964248,3.366533323756704,17.496225702487163,8.772258286527522,887.0996505587906,179.26029884491285,71.68196984552517,1.0,CRITICAL,100.0
2026-01-01 08:25:00,84.0257492324706,1217.9919111377458,179.41817145954298,457.4277569931528,288.4660125627267,456.46884258268153,168.92247570713562,3.0516168130982173,17.917819942661104,9.148207159714742,894.0764911865224,178.17616185834876,74.56098405411761,1.0,CRITICAL,100.0
2026-01-01 08:26:00,83.81521215152226,1228.8041605654068,190.77134110901937,469.6612709140043,279.0872457408937,455.10362536784737,169.26471592086824,3.5410911374072604,17.56372925936027,8.347318239668102,886.1937684677024,178.72988807444017,72.04208798077075,1.0,CRITICAL,100.0
2026-01-01 08:27:00,83.27201846064037,1235.27598343058,174.07612919966766,466.60427481756665,289.45540855520005,448.54081681626695,167.7897432994585,3.344878679079522,17.571303672687325,7.557665157531622,873.3075808490663,176.19237673744652,70.7311773836569,1.0,CRITICAL,100.0
2026-01-01 08:28:00,85.09704325588966,1264.8461280547385,176.84774813052272,473.2430029159089,288.5177460688703,462.4856277604293,170.58247639674835,3.339932918766939,17.60003321533241,6.255987813723795,903.4304528294114,181.37909349536233,70.02640474462125,1.0,CRITICAL,100.0
2026-01-01 08:29:00,83.33809976717792,1241.3019429447688,201.38136522390474,466.5945178607369,299.71265524666364,449.51822172088464,168.38851340039446,3.400202548804178,17.65915139442514,9.416542643522376,877.7256545221044,177.73770869153168,72.77472898320204,1.0,CRITICAL,100.0
2026-01-01 08:30:00,85.54091365155968,1265.5607692637207,184.05475970235895,473.70100464377,297.5820811417287,455.4936447984978,172.8574499363332,3.848972281324699,17.151333730349158,6.5449530570676995,900.5984303746449,182.09024327306236,71.87192170939048,1.0,CRITICAL,100.0
2026-01-01 08:31:00,84.89952378110172,1227.1034875650328,207.6366282678531,464.43958838122876,295.4329306481112,464.50454294360776,171.24019080850306,3.9809675084507945,17.077494786797878,6.7209521865310995,898.9963575509961,179.89311740339497,73.15465426319759,1.0,CRITICAL,100.0
2026-01-01 08:32:00,84.52210390626718,1213.0143706471747,175.44730092323658,473.78132776274697,298.53906749603175,453.78581262303294,169.66341388001624,3.54344158750568,17.480341366570155,6.05705110552165,894.7454146749044,178.37584964854346,71.90924589318045,1.0,CRITICAL,100.0
2026-01-01 08:33:00,83.18487267591681,1251.71026870286,173.73270708603505,446.5351616862337,281.34672730067547,444.56747078530447,167.2167383746549,3.4070465552176543,17.640915976737503,7.763576443846436,874.78834872759,174.97521691396813,73.22425257993233,1.0,CRITICAL,100.0
2026-01-01 08:34:00,83.84645733886333,1224.4786039768962,182.106465278055,467.228956934867,281.621216850405,452.95536356914613,168.76562828642955,3.2645547165097577,17.69221516490929,7.711149292420393,889.292031209299,177.65287747020557,71.76269308703357,1.0,CRITICAL,100.0
2026-01-01 08:35:00,86.51078245165151,1237.6721092912392,189.7844335090042,477.9332931857061,279.94461076848745,460.3703807640504,173.6697097036373,3.593708032309214,17.429465061893826,5.580849365115888,919.9385228208203,184.5545774455522,74.0907732522751,1.0,CRITICAL,100.0
2026-01-01 08:36:00,86.00183437524876,1240.3117623494725,198.40541049996108,476.08335113425926,268.93687392923846,462.3227027790889,173.84984203672911,3.8565811200130287,17.05068157941738,8.507634140843805,904.3766359011588,181.69382384913345,74.77296179510994,1.0,CRITICAL,100.0
2026-01-01 08:37:00,83.0448895104029,1258.2590810257554,184.63643769197193,466.8247744691358,286.22040458739394,450.9184913811603,167.16194225666882,3.4505319225949687,17.67831143965537,7.358966972413864,886.8113117582727,176.87490560626586,75.64979197284869,1.0,CRITICAL,100.0
2026-01-01 08:38:00,85.19866461085846,1234.9186875720916,183.17524508169703,473.0955044949179,261.0329394051505,460.38222105196894,170.04565519816325,3.024200791849355,17.912371736468913,10.130109441776096,894.1857919829349,181.24128062223585,74.93582554940387,1.0,CRITICAL,100.0
2026-01-01 08:39:00,86.50277424674358,1278.4944734294497,186.7181904364137,472.3433730555408,269.2524993290799,460.4230863379869,174.17522639986527,3.634009934363105,17.478874814391833,6.809230050850134,925.6143631892905,182.72186227256,74.02500718469766,1.0,CRITICAL,100.0
2026-01-01 08:40:00,81.66118943775726,1225.6381971010933,179.65157779660592,464.0426165705845,255.7855436851637,437.9148492137691,164.14830017710585,3.69707994229001,17.279559361611703,7.373687976228116,864.5555922251551,174.63872371303404,70.3353475314364,1.0,CRITICAL,100.0
2026-01-01 08:41:00,86.08672038475987,1286.9470385756806,185.95406122908935,464.20891825126364,292.7322843617182,469.43398885251787,173.13597749146052,3.1828308719228304,17.8373690291529,7.21996491079631,911.5952888317331,179.26478002503924,72.81965738715903,1.0,CRITICAL,100.0
2026-01-01 08:42:00,83.6747524821083,1230.8920871530663,177.36746268809483,458.9647495154179,274.4733461618404,455.1519706126743,168.16519528132375,3.5352968367325905,17.41520670817834,9.064004597785377,877.2873569586548,176.12675468547843,70.03981057864725,1.0,CRITICAL,100.0
2026-01-01 08:43:00,86.14119733718631,1298.698656581281,198.86357554776876,478.8728642263561,277.34028886934664,475.02083869311696,173.68591788267597,3.59024520322722,17.30815525365598,7.778765005754227,911.1012930395166,181.36676237801416,72.8074562956164,1.0,CRITICAL,100.0
2026-01-01 08:44:00,83.47348168691497,1233.6879605895235,168.77217625505557,459.4961894764154,258.796456108097,456.0751032501654,168.50680726310662,3.485378539598212,17.340145421641257,6.498380447515928,885.8772277577406,176.12724835096253,70.23448742210809,1.0,CRITICAL,100.0
2026-01-01 08:45:00,81.39023579867096,1246.0255395229178,199.22431644687538,454.04653785145575,245.97370976848165,445.19464281626773,163.92199817847126,3.3418458161829294,17.552621767957824,7.961138960770905,863.4715474662121,173.1167345485278,71.41892540652854,1.0,CRITICAL,100.0
2026-01-01 08:46:00,81.74491512423367,1252.399811459771,180.02761941123188,463.5283170757497,260.9586962313493,435.49312684648805,164.32017465489827,3.7031874447127113,17.264421669965696,5.76296472917081,864.6337458570748,173.77986805152125,68.25354238364896,1.0,CRITICAL,100.0
2026-01-01 08:47:00,85.09616989332277,1265.665187810789,181.13286996249388,486.8971853771976,278.2008079248087,463.278202160397,171.17167118424095,3.4193240508062637,17.601863867076624,8.257638741143792,896.2288763405886,180.58633035882053,75.7433570374183,1.0,CRITICAL,100.0
2026-01-01 08:48:00,85.51944500344297,1238.5665360961575,199.78984754179623,460.96397109059666,260.4607608762892,461.0190245338099,172.04868981517475,3.2029627674600136,17.898075163868313,9.334080781542168,910.8470831321163,181.6349715010184,74.91964876999204,1.0,CRITICAL,100.0
2026-01-01 08:49:00,83.19136674979119,1227.3567717363528,197.3774390955061,453.03044770781196,285.67624542959254,446.2520154691269,166.98151847964996,3.090105102866064,17.86531915115425,8.021022495793494,882.0677031729016,175.43262893043672,71.59409685856828,1.0,CRITICAL,100.0
2026-01-01 08:50:00,86.27718491755475,1274.3826862688052,201.53936594599463,483.159443073762,298.59433836480247,467.6293616892848,173.8438341593951,3.752169903999862,17.159634019573417,8.380675904696915,920.4756110581313,181.33619376830217,74.02238515697394,1.0,CRITICAL,100.0
2026-01-01 08:51:00,81.67695987546207,1187.6334841364617,185.68119804682894,458.9225937572856,272.7901237900983,445.51722817628297,164.5839409128544,3.623332795294224,17.232395726105505,8.739758798471884,864.1371869806462,173.750239432932,69.22700528114056,1.0,CRITICAL,100.0
2026-01-01 08:52:00,84.86784040270537,1255.2368584879146,199.2814207939609,470.2468763461092,268.8513852089598,462.0010362579155,171.50590142529907,3.517594709425834,17.530411652364577,8.752009305889466,896.5044305601926,179.10544873176428,73.43444114485983,1.0,CRITICAL,100.0
2026-01-01 08:53:00,82.57796760047509,1249.027749706956,164.8646026063018,453.52619654407243,250.1940259812927,441.6328387443699,166.78361009109443,3.4119450726298393,17.726374378903092,8.53080235164877,879.8576472277317,173.5854601555822,73.23855900679726,1.0,CRITICAL,100.0
2026-01-01 08:54:00,83.69632778439568,1273.701867606668,179.49145263450185,473.40038263915557,286.8112157139002,455.64321078246326,168.0498181099963,3.3942003171593744,17.732432709636257,8.185712800509942,878.848403033939,178.36399985333284,70.55074930300492,1.0,CRITICAL,100.0
2026-01-01 08:55:00,85.09479734263283,1252.0883291606488,177.940315585225,471.9725890602102,312.4582380903786,458.40125195085784,171.59974387252015,3.2848526703116776,17.786140604503046,8.263569795478427,894.8806566255637,181.58469659176797,70.00905369626881,1.0,CRITICAL,100.0
2026-01-01 08:56:00,83.27917326943209,1275.1829274876238,199.11678065498933,468.56582844281843,272.5556030560625,449.7976065492824,167.08286984731694,3.4137088710880232,17.650145460638736,6.374603251627443,888.2791575510868,178.11550742856284,73.02977512525916,1.0,CRITICAL,100.0
2026-01-01 08:57:00,84.23088891154035,1224.3943964946552,184.34846206595648,460.7307405428267,298.0040169668841,452.7658931717649,169.80974387355113,3.075982556975965,18.093779820994968,8.58185481904244,886.4492194692874,178.6487855445554,73.03344307771988,1.0,CRITICAL,100.0
2026-01-01 08:58:00,87.01258561842889,1272.464332868372,196.48150924257112,473.12552842668424,323.7673209262707,466.9345954359756,174.7668641374777,3.352787269306297,17.680420876835385,6.107594007899058,911.0306011077761,184.65110333283067,72.36967089186076,1.0,CRITICAL,100.0
2026-01-01 08:59:00,83.8462162609537,1236.509930648346,191.23776203831662,453.09401578546414,308.33972739464537,457.66787295950576,168.1808059102196,3.4378124967297814,17.626800470872638,7.042503639031041,897.8047985499024,179.0623007452693,70.61019026693472,1.0,CRITICAL,100.0
2026-01-01 09:00:00,86.67138422413028,1248.5120265313565,179.96484726506026,478.22973379939646,281.6283323646607,463.7529390813022,174.48279111960926,3.6219760094380837,17.345945604376716,4.516031032598205,909.7447540019318,182.7013526582371,72.61889883120395,1.0,CRITICAL,100.0
2026-01-01 09:01:00,82.74058629068476,1235.4165766326448,175.7242875149136,475.3063587400747,256.2081596061523,458.7702749474535,165.14388901729245,3.4920147073253274,17.371780955589195,7.729283685194426,878.3264598984885,176.5918502654236,69.74340449447931,1.0,CRITICAL,100.0
2026-01-01 09:02:00,86.05960835583056,1311.9667709404894,201.59355534104435,485.2805554872008,280.4147211079555,455.9761907574604,172.2437289244585,3.6589846227751117,17.27263048717493,7.091074685695601,910.941509521927,182.39461294580434,73.20032117658208,1.0,CRITICAL,100.0
2026-01-01 09:03:00,87.88313724131581,1254.7584327315565,183.45291379821793,474.3172835539943,292.19973469738545,470.55109471202405,176.67752854074448,3.769827021022686,17.22925707512385,8.440482122645252,914.7782308300676,186.6799861349742,74.77341518449116,1.0,CRITICAL,100.0
2026-01-01 09:04:00,80.05671099974542,1167.7223887407222,186.187175574264,454.7004780076323,238.4767156708773,434.3761041933677,161.15464288280825,3.7116340187648205,17.29444451848531,8.312778458639178,849.2305248816151,170.29951502036678,67.74378148965941,1.0,CRITICAL,100.0
2026-01-01 09:05:00,83.40620948905905,1269.309468924131,178.1498210210455,467.0655956806021,310.8417164591429,451.7790794188513,167.627759593039,3.5941019694757115,17.598526616009828,8.586372005452894,886.3041611379861,178.1086756878661,70.2086399522474,1.0,CRITICAL,100.0
2026-01-01 09:06:00,86.15414425436109,1275.4928526513368,183.33645951087453,474.0583642399858,279.86481423694147,466.31763333757607,172.51857035936337,3.502372535836157,17.505755180922947,6.617784496339069,913.3129894512051,182.5318122712637,73.46574671565011,1.0,CRITICAL,100.0
2026-01-01 09:07:00,84.59390922791401,1257.5994161570102,185.2996963938294,476.915508807327,282.91438831093876,456.78570033393896,169.77887253475876,3.303842398317288,17.81404194608528,8.762193223054478,900.4566956981577,177.7038393963606,73.01051045205034,1.0,CRITICAL,100.0
2026-01-01 09:08:00,85.74229174674262,1264.1695051583567,182.8275391079978,470.47558685294155,279.4430599837099,464.3104627134993,172.68018815710394,3.647988810275863,17.308503465566506,9.417594343540104,905.4854608928991,182.93651012579997,72.96124032466442,1.0,CRITICAL,100.0
2026-01-01 09:09:00,83.79202962656836,1241.4191383924272,180.26046044575358,469.8967235082784,287.4744789136297,452.52309767181805,168.8749501384509,3.835949476444306,17.132882934979172,7.648112335335128,891.4828184761444,176.6365285121646,74.3509577479373,1.0,CRITICAL,100.0
2026-01-01 09:10:00,85.1731795749458,1256.3692324608396,187.45053610571722,467.6348292370674,309.19054997293324,466.0006298558638,171.33824759109365,3.5684212079300837,17.298678028347574,8.39857573509144,898.2851504090578,181.59941736013553,74.15471908879823,1.0,CRITICAL,100.0
2026-01-01 09:11:00,84.68864552921585,1276.4458569384196,174.82574543563393,460.1005899893282,284.82979513152515,461.9285939123218,170.9557079489502,3.8834518296852245,17.04231536902712,7.691284180532396,889.8341182100945,179.28704817699136,69.56922470965529,1.0,CRITICAL,100.0
2026-01-01 09:12:00,87.33556412331961,1269.347137888472,186.63870097873627,477.5638760342768,268.05811590493704,475.42141035591675,175.86982675836884,3.194885658387783,17.857812480748592,7.142079027707174,916.86699935479,185.84713923183693,75.9159068294834,1.0,CRITICAL,100.0
2026-01-01 09:13:00,85.50884168660242,1290.158798670565,179.65195944762573,481.28562808817236,265.49522272533073,456.9877731968483,171.64395554622575,3.269167323044092,17.731588694995324,8.193234130986657,897.7778645900471,182.15245198807162,74.6181613144531,1.0,CRITICAL,100.0
2026-01-01 09:14:00,85.6752053241504,1236.5284246096842,185.99714205915967,462.59451700646673,298.1329399023253,461.81446518447353,172.21015962159498,3.6710403015496524,17.42325356044007,5.864788779957717,911.7999830809599,181.78055362261617,72.67069432307194,1.0,CRITICAL,100.0
2026-01-01 09:15:00,84.17624606775506,1245.042500659147,196.77064361787586,468.0130432430376,306.1983413147974,451.3969177338192,168.65105905690618,3.55285804203065,17.465267352803856,7.684786778373693,884.1895931322579,178.86102745313724,69.35060167959774,1.0,CRITICAL,100.0
2026-01-01 09:16:00,84.02478755185501,1241.9225484276044,195.83097221287142,472.956203387727,308.7372765547834,448.42630379753916,168.99550560851432,3.7627564353143614,17.201998191521863,5.287236979209585,891.6180697217967,178.4722037209026,72.23596356030629,1.0,CRITICAL,100.0
2026-01-01 09:17:00,84.13488362436075,1211.6142158735574,178.94989558979768,463.9422097030025,256.153250004523,457.14786513548466,169.82581755833218,3.4969056718546523,17.717924014524044,7.016528766194188,890.0192152732454,176.25594249244043,72.2924895965241,1.0,CRITICAL,100.0
2026-01-01 09:18:00,85.7889042847566,1269.754253876968,210.84210670613317,478.56073115228577,305.35793839760044,460.03989086077416,172.92045361186868,3.326404915494334,17.664204727634363,7.969664534438545,907.3757999803129,181.6961387884114,71.38783095473889,1.0,CRITICAL,100.0
2026-01-01 09:19:00,84.15803103835947,1247.2156604063778,178.0385382295469,459.0515479320385,290.5774426009473,458.54564817969003,170.01706673967848,3.4572813515589913,17.65901874541154,7.904659790898337,898.3983468595932,177.19999790064705,69.4239863981677,1.0,CRITICAL,100.0
2026-01-01 09:20:00,85.57954971379283,1266.0664277934845,197.17701789938283,473.3966633924784,256.122568232941,455.1286008065431,172.00765680568617,3.1934632058152532,17.76641587353028,7.4557828457632835,903.603360301852,181.33028657133133,73.28853267812738,1.0,CRITICAL,100.0
2026-01-01 09:21:00,89.15080159729088,1327.4449427603217,186.6806121785886,479.83053978749257,346.62724016024333,489.5404108099268,179.9746530918389,3.274281865380593,17.79667808255776,7.429370711810634,944.5660237806571,187.15866064819855,75.85448689373106,1.0,CRITICAL,100.0
2026-01-01 09:22:00,86.74224940686338,1252.4694408603755,179.55329215947577,456.322428061469,259.3842935518554,462.56655247333583,174.38784670050276,3.694488799583602,17.398312766331568,5.7855026452066625,917.6103108255394,182.29954687250068,73.55926879484592,1.0,CRITICAL,100.0
2026-01-01 09:23:00,84.34795293566432,1275.3227193938462,179.58513534700126,476.90095443067025,287.9090854421739,457.2250710226448,170.4316984126136,3.674557482893922,17.346291714163637,7.544630798214072,892.7194348284798,180.30084037308256,72.31154087903833,1.0,CRITICAL,100.0
2026-01-01 09:24:00,87.40242784432789,1282.7146023401826,188.78847212527458,487.3490160648915,323.94310207835457,475.5514991245208,175.7939273149347,3.5726008569612153,17.191950850769125,6.9596524919387885,935.5241240652113,185.87430307677997,72.71638952782168,1.0,CRITICAL,100.0
2026-01-01 09:25:00,84.1838492539569,1272.5863289774386,191.25929391295097,465.8683916716101,283.0130626617622,452.15942000105974,169.72131419481593,3.155784495807906,17.846040750277705,6.871954908349087,884.6317838109921,178.36355592296962,71.4774381774333,1.0,CRITICAL,100.0
2026-01-01 09:26:00,80.92375092964429,1257.876402180453,186.09267598393419,455.10834002850515,283.3330334934157,442.9128631848133,163.5850580414435,3.428319284897422,17.694726719878574,7.803646478083979,865.6831684736301,172.0322705095376,70.80565080494414,1.0,CRITICAL,100.0
2026-01-01 09:27:00,82.98382737816519,1245.6193685782118,176.3381633974162,469.37065644705496,259.9568229237095,442.4034984220364,166.87094094203977,3.25500002226799,17.797748061034785,6.794540253242024,883.1203066091017,175.71973873058738,70.68712174182957,1.0,CRITICAL,100.0
2026-01-01 09:28:00,81.25841615794829,1177.1055227015859,173.70793359512305,449.9051794881374,286.51531796340987,447.00342118423066,163.62602680966867,3.735306650757553,17.30927723676537,7.542224039391378,860.186536606324,173.0867086918761,66.66278798277354,1.0,CRITICAL,100.0
2026-01-01 09:29:00,84.29697303191739,1226.7031030901676,176.8098314743258,469.591769192091,319.7884557027966,454.1351798001252,170.23837777643794,3.38325557328748,17.44451873331677,5.2987223671519565,901.1163229063819,177.91789169728597,71.49219387008677,1.0,CRITICAL,100.0
2026-01-01 09:30:00,85.03683675837911,1263.9497004441125,186.51818710363358,471.83699474763444,286.6133774402309,455.80944697898684,171.00717193479318,3.28285045784369,17.645104035088803,7.093081745818271,891.1278170218484,181.06741377962618,70.88915247968957,1.0,CRITICAL,100.0
2026-01-01 09:31:00,88.35287462455057,1280.1158127188262,187.53057306565003,484.954259498395,327.39936530634645,474.24879707163063,177.04530310784804,3.505959233024285,17.535176530090858,6.243835712992081,930.9199129590103,186.452662408087,76.21657229256391,1.0,CRITICAL,100.0
2026-01-01 09:32:00,85.65385474752833,1273.442629484637,178.379674204581,475.39357934844327,288.22747240483886,466.0854996321313,173.37921302234912,3.3719691086330776,17.66906921904561,7.432378658341317,900.4961364539379,180.88786249922543,74.16075860478352,1.0,CRITICAL,100.0
2026-01-01 09:33:00,84.56179894238227,1241.2561250021895,189.43832612012235,463.7911282690648,303.62932489832565,453.0065200145418,169.88871565259598,3.7967487820407415,17.32471789597255,5.72530208715582,897.67840674818,179.14531090324937,69.33188990373375,1.0,CRITICAL,100.0
2026-01-01 09:34:00,86.65881116236697,1271.3921097731238,217.8554910089636,472.15065913564183,299.3075234281627,462.5447051581748,174.39700035020272,3.353037820493162,17.632475503992225,7.72605286130593,911.0227911177338,182.72647549480834,75.84507487105796,1.0,CRITICAL,100.0
2026-01-01 09:35:00,80.57772938198423,1192.696910172825,173.59550540307652,453.60313087025554,258.12920783771574,432.4126735289686,162.73346209869402,3.2201543481550736,17.82042806051231,7.101648586351272,857.9426135535489,171.48414111346494,67.23781090303028,1.0,CRITICAL,100.0
2026-01-01 09:36:00,85.47122911621713,1246.5837382284008,186.80007993979524,461.26461461377426,285.72050951792124,454.3767587197699,171.63821128056867,3.069417296848497,17.932220127344635,8.68896283740478,903.7801090830636,180.40509564312086,76.49534787393841,1.0,CRITICAL,100.0
2026-01-01 09:37:00,86.54173038777394,1314.1644445719244,197.4029288318362,477.634465336282,296.8027658185579,476.5953195044319,173.5795268189368,3.493842699517317,17.407463026832527,8.223174965372959,913.020534164459,183.5519843783667,74.13583178121792,1.0,CRITICAL,100.0
2026-01-01 09:38:00,82.04282750844031,1233.4809314249778,178.03735115427278,451.1560655849885,253.77642127177282,438.90309577000687,165.21252366526804,3.3876139772284146,17.38680688966211,5.335756791925116,872.3715113145697,175.3016615557921,68.14147500967393,1.0,CRITICAL,100.0
2026-01-01 09:39:00,87.28750808641385,1275.4666354867186,201.1381479151929,470.57784793810174,323.75429835759735,475.1410878175914,174.6784779738715,3.2142190786976546,17.828881890515355,6.133510439732165,921.5319727444481,183.85569448601953,72.54603432774572,1.0,CRITICAL,100.0
2026-01-01 09:40:00,85.67699281498882,1279.3669585986527,182.07427309990658,484.13410506396383,290.7202653056771,465.3041986421531,172.2100325915437,3.737845292251157,17.279549428590123,7.995140726348907,901.326753934593,181.22341017268246,74.23778483556575,1.0,CRITICAL,100.0
2026-01-01 09:41:00,84.1694241721984,1245.7593346382541,205.35365072540645,477.9289413964505,342.5145265587448,450.2437296942636,169.46136767655452,3.6334490294858486,17.304733466304135,6.147387312199996,905.701106670159,178.80017905743222,71.55293955796198,1.0,CRITICAL,100.0
2026-01-01 09:42:00,86.26556373221257,1242.3321162106754,192.7398540182067,480.600805163658,286.3513790813487,467.0064888798697,173.39615151601257,3.494356424212554,17.34372627013586,4.071852099384819,910.21980140698,182.09527010944373,73.81914316653378,1.0,CRITICAL,100.0
2026-01-01 09:43:00,89.5413857156088,1281.074953567248,190.55898684748337,482.2977871640493,317.64322508209455,487.0994174752604,179.31104595962472,3.772865248834173,17.2901087026067,8.930338170702445,934.3258117553279,189.54709199204427,79.85866903788113,1.0,CRITICAL,100.0
2026-01-01 09:44:00,85.36373251011699,1255.4197576490867,184.35162023810452,473.52646479134467,305.54635114471284,460.83873349189753,172.524553998336,3.6325072066797226,17.340900785900722,8.565070226108517,899.4268316525629,181.2828638808857,71.89249787963544,1.0,CRITICAL,100.0
2026-01-01 09:45:00,85.49644117260067,1253.4553498644564,181.8553096568282,468.29064899343473,287.133382146328,466.89619439140364,172.04465142217592,3.3354288196963133,17.7202586525405,7.548674358172183,898.628028284143,182.07614412149564,73.51707865347196,1.0,CRITICAL,100.0
2026-01-01 09:46:00,84.08127820091951,1266.7426923750104,197.21091957467047,463.5524046388017,262.06001642480555,458.64532609991033,169.87813246071988,3.2921559672018468,17.89424888583933,7.0149838755802385,894.9435100893978,177.55656635575411,75.10471153548173,1.0,CRITICAL,100.0
2026-01-01 09:47:00,83.30031126107042,1219.8263658662272,171.85699554080148,457.1424987708656,290.61648553062264,451.9117969014385,167.4706043970506,3.663596308890772,17.122260603077258,8.101976632998436,884.6113759086621,175.65784728191036,72.18127595978915,1.0,CRITICAL,100.0
2026-01-01 09:48:00,86.6606716330885,1242.2763797998996,181.71151361624243,479.530245681967,309.9013641089119,466.24147349332367,173.88133727533162,3.57927339129347,17.350766527836296,6.177891530671422,918.6002803398367,183.01376587661326,71.1153318357548,1.0,CRITICAL,100.0
2026-01-01 09:49:00,83.28783234818226,1272.5913058888991,179.18809380378843,461.5147565344058,267.7394442532297,445.63227095692406,167.7102551564921,3.5339495535941325,17.445112885074675,7.944407701589857,881.0282111526365,175.60791235681742,72.64104390201008,1.0,CRITICAL,100.0
2026-01-01 09:50:00,85.14313247443879,1231.682430002905,190.03269531345708,471.62587051828285,309.3598576783072,455.7269333173017,171.17837138571346,3.3307004394262183,17.814782177988448,6.842398538116177,900.0345735091033,180.85076315292508,70.78850026398413,1.0,CRITICAL,100.0
2026-01-01 09:51:00,84.04468510646977,1214.3039153747586,182.44132742306311,457.5139429398432,294.4122576463933,454.5109100410694,168.50048948394385,3.6215895134011507,17.2147701846782,8.922752778579207,888.5921955466594,176.92761891276314,75.04936314264174,1.0,CRITICAL,100.0
2026-01-01 09:52:00,85.95795965149279,1272.9716510513726,173.9390144007114,487.09627158312577,268.07068859211563,465.89080630269103,173.65081143237933,3.34890022337321,17.84468587919485,6.305467254607558,909.1736305942505,184.24893572123827,72.12063251119827,1.0,CRITICAL,100.0
2026-01-01 09:53:00,85.6673242105739,1242.9787281381846,184.61880494952294,468.88781509094173,276.2351794328215,451.2353557819981,172.0235133097008,3.4796026690812645,17.533982921075367,9.073220501808285,910.8499092825631,182.63057628272153,79.47287838395044,1.0,CRITICAL,100.0
2026-01-01 09:54:00,87.0750798885158,1271.831149919801,191.3139747653346,475.14475601082984,332.92417271344357,470.7265076515495,174.23002658463383,3.789388829277396,17.201011104549217,7.569851205732492,922.4311759476848,184.16273554663192,77.594815887468,1.0,CRITICAL,100.0
2026-01-01 09:55:00,83.97996720229051,1242.4447457840301,175.19519378466873,467.6131503423259,316.63011508365645,452.48202427109084,169.62401743155968,3.367833152837971,17.61236087084014,6.87509938756053,892.3002361710094,178.827328897579,70.59074862257644,1.0,CRITICAL,100.0
2026-01-01 09:56:00,84.46025012941325,1281.9617241418,192.34472949506593,465.4507233715387,277.671815512553,454.8686443644052,169.66835125092018,3.185402148585428,17.77097154819657,7.375154553920851,897.1002958353785,177.2836983945157,72.60822771353382,1.0,CRITICAL,100.0
2026-01-01 09:57:00,83.04247256843539,1237.415241637109,194.1803605247485,475.4355388349542,264.42092051890256,454.97549686740007,166.78103319056297,3.289490561625978,17.815321114300936,8.222078954368325,884.8469378712626,178.60831846827034,72.94126661801523,1.0,CRITICAL,100.0
2026-01-01 09:58:00,84.11141347984778,1243.304587724755,187.78341113533148,468.2095535652239,315.0183969430163,456.41266055098464,168.34013316618058,3.6988597653375246,17.19428815925423,9.03767441260565,892.5548850061791,177.63261234749507,73.85645173233165,1.0,CRITICAL,100.0
2026-01-01 09:59:00,85.7546009860897,1251.0530955484896,189.9535124526294,468.9690108796753,286.32971232092285,470.04915669607,173.37967271547788,3.5509462274760417,17.48359519068834,7.71588996482134,909.3402502242916,181.38870455828004,74.48835330882414,1.0,CRITICAL,100.0
2026-01-01 10:00:00,86.5139772332907,1268.588577808859,164.4073004643596,471.20464573388347,264.88321341490797,465.37638530416467,173.38321417297655,3.474224524262249,17.487357309167056,5.950053613159113,921.0838035388728,181.17202117939297,76.71549986056479,1.0,CRITICAL,100.0
2026-01-01 10:01:00,83.15566935164475,1216.213162736386,181.76189919778108,464.5266358259258,242.70855446158558,453.8854340783905,167.3405634436423,3.398181238937686,17.525605416210905,7.93624429213876,878.231463926432,176.7976260080304,71.27859758804706,1.0,CRITICAL,100.0
2026-01-01 10:02:00,86.73921184021133,1263.1492041847125,198.88630990024484,484.62205112327683,295.24693597649673,476.25108556482434,174.93473384169286,3.5970719815106382,17.661525536057752,9.373860203215841,913.1134055023557,182.37207952334555,73.657934135017,1.0,CRITICAL,100.0
2026-01-01 10:03:00,87.71127571760991,1240.5915588811217,184.95321442644135,477.65174893862604,294.97879394336337,480.8409043279218,176.63340990172136,3.3301790298019553,17.71172604367339,8.733790736509574,921.1831491801648,185.52420719678585,74.4752925982387,1.0,CRITICAL,100.0
2026-01-01 10:04:00,85.8268698064474,1260.607944266592,180.11899716632504,475.2871551447188,326.3373296176562,457.77608307847555,172.62391245689872,3.5611331137285194,17.500193440737593,8.665910994651345,909.1832708825754,181.10946517997027,75.37824230910218,1.0,CRITICAL,100.0
2026-01-01 10:05:00,88.75359162511613,1235.4296476782038,215.5382259826718,477.2465551590919,260.50452677794897,477.3451401624996,177.65635032108855,3.3537490862374084,17.76002859182946,8.753078599067212,928.2672550450657,186.42943931530192,76.73323538069819,1.0,CRITICAL,100.0
2026-01-01 10:06:00,83.45242160179285,1198.7191824920646,202.1599149755709,460.40110294004234,287.0460887436377,447.5421469847088,167.49998078570206,3.3204681229449893,17.537396882523158,7.358876619760174,886.8349864982268,176.10048170182307,72.3445046128148,1.0,CRITICAL,100.0
2026-01-01 10:07:00,82.51069059337716,1257.7246648472671,184.0306529006892,471.9514002536366,293.66914881076826,447.8711321811677,166.11528135577558,3.3725025130349975,17.802726677877203,8.789033929486491,874.5609404612688,175.24716922083985,72.5990209732161,1.0,CRITICAL,100.0
2026-01-01 10:08:00,81.44255950219144,1206.719618649179,195.34707776186193,450.3146740434723,275.74868797482236,444.5754627106706,163.4915319693894,3.4249185107032076,17.324185771447286,6.61537645103499,870.0987935210197,171.60362803151406,66.05194278604546,1.0,CRITICAL,100.0
2026-01-01 10:09:00,87.99208862297837,1257.640189735876,172.2785288374442,478.882871643882,265.5325114610546,470.0919753051253,177.08585697595612,3.4902340328132593,17.432889326182888,6.294647086264677,926.5612996774588,185.23536557493316,76.01380854613299,1.0,CRITICAL,100.0
2026-01-01 10:10:00,86.30873131270812,1285.5861128594368,182.89062654545413,474.23781723053156,247.7219281822543,466.6365230593707,173.9583343298238,3.547091159022223,17.40700567365989,7.607381661449435,912.0707216999937,183.2807360066807,74.48412282791394,1.0,CRITICAL,100.0
2026-01-01 10:11:00,84.88883065817909,1239.8089228413926,180.3582959146875,463.85942240712995,271.83634304059785,449.32825426194813,171.25891275925824,2.7623269417143113,18.29584539478274,6.873136371154474,904.4993232482577,182.3801411912325,76.24868068914468,1.0,CRITICAL,100.0
2026-01-01 10:12:00,85.55993725263964,1281.8722742085436,185.57712182239496,474.8767216940664,275.0477278401346,470.2984879260269,171.50678482637295,3.338469888450647,17.683401938163502,6.295204960274418,912.5150507602872,181.5974633248323,70.39077383758439,1.0,CRITICAL,100.0
2026-01-01 10:13:00,82.74902190540325,1223.387005637488,179.21105001790633,462.66383773904147,270.3191573499227,444.3355585775142,167.59636683829598,3.4216860045287922,17.56163252140137,6.217749389866323,874.0894572252735,174.5807821686292,74.31359078907612,1.0,CRITICAL,100.0
2026-01-01 10:14:00,89.89150395923366,1350.7028143344305,170.53458180281083,492.30837496166123,330.49274895575445,484.2126922999646,181.1667475907444,3.801012407721666,17.197787857815563,9.850203467156685,949.8239457552723,189.415893748395,77.06402142523626,1.0,CRITICAL,100.0
2026-01-01 10:15:00,85.25844236395045,1272.4252221067572,193.08459071044743,487.4793874544779,255.20908983404613,455.92761181624667,171.51602765106637,3.2839994783235738,17.61819821932417,7.758178924617779,904.0565185279247,180.5484737340535,74.18473295248045,1.0,CRITICAL,100.0
2026-01-01 10:16:00,85.21878958920979,1290.0653359629525,191.79637806906376,467.14115094696285,304.26663542824383,465.746905189699,171.98234746995792,3.5325593236199824,17.317717436931602,8.166525534963554,904.0561629202036,180.0881542277839,76.52686924658659,1.0,CRITICAL,100.0
2026-01-01 10:17:00,86.45153324779739,1255.7701011750237,205.860278900423,471.37819330116486,247.3595185645624,451.14762823778324,175.08577038159476,3.7990060619471677,17.273645100286437,5.9260878028539885,913.2024541813958,183.8061246623317,75.28274913424906,1.0,CRITICAL,100.0
2026-01-01 10:18:00,85.96201846347343,1222.266400774424,181.974495856691,478.11645777845627,263.75621401035596,464.1037588304199,172.20467687641843,3.2374062940105452,17.831964317243074,5.964365169269276,916.0271016253524,182.14151040996109,74.57035134970387,1.0,CRITICAL,100.0
2026-01-01 10:19:00,85.44776804855826,1275.6191124925122,182.3816651393319,480.8580909688894,274.4290211761587,460.3913285510933,171.78290477587083,3.5787950451728805,17.579654392342825,6.486585669987238,895.0291630674749,181.80338848202638,73.84279681045125,1.0,CRITICAL,100.0
2026-01-01 10:20:00,83.41905108910937,1241.6184662255746,159.73774485366883,457.26498874118323,238.24757838250142,447.74804212353115,166.64888634828208,3.339545633213096,17.581452657105384,9.046930549687106,882.0848597170883,176.52365838792113,70.76828460129875,1.0,CRITICAL,100.0
2026-01-01 10:21:00,85.942936714272,1224.0201510747615,187.55685008025017,469.77603444557957,253.69889563582336,470.9837081840078,172.982199194868,3.399073251542153,17.67020826948794,7.681307280216831,911.6690208065846,183.21137364826524,73.69737112239682,1.0,CRITICAL,100.0
2026-01-01 10:22:00,88.76404899295007,1278.3883937325584,202.32484455590554,478.84198546322705,302.8884649297577,472.9128097248449,178.7107951068627,3.339377833209337,17.63225149395419,8.153246279758022,939.9266139892474,187.36161240161857,74.58021366211456,1.0,CRITICAL,100.0
2026-01-01 10:23:00,87.69084009230995,1269.7330072060097,188.23949980694476,478.32545853738566,318.48906371605665,477.40549145591507,176.36209912689853,3.3536285383168227,17.765418960202524,8.506129329573143,933.6721960761733,184.41049031548192,75.063538274997,1.0,CRITICAL,100.0
2026-01-01 10:24:00,88.18637325327879,1307.5916665999232,214.53353365727364,499.7275192017153,339.9985269550538,479.06469435155327,177.04547972105843,4.044382429581298,17.057813848086518,6.540546397015162,937.8548594987943,188.5500668875998,70.87723720851284,1.0,CRITICAL,100.0
2026-01-01 10:25:00,83.97756864713763,1201.1629014709347,181.6782287924641,465.4910032650642,241.3017943897606,459.9076860895384,167.9303800361811,3.668891174414333,17.352229765508113,8.683993814949318,888.3479783448402,176.13015954731415,73.0401340528452,1.0,CRITICAL,100.0
2026-01-01 10:26:00,83.02079035948285,1246.797113688717,188.8078483223602,456.1222586278385,280.56164655189565,445.18421776577713,167.22834756067158,3.720347572357242,17.24569941197616,6.9226811769804435,886.7072598124814,175.30284199366076,71.17315778001903,1.0,CRITICAL,100.0
2026-01-01 10:27:00,84.7484261598007,1250.4044657390587,174.88741497896316,477.9379189940076,257.3765491613499,454.53362877550677,171.22456956155906,3.5983986973672994,17.497694520493525,9.626707457571658,893.9140528791197,178.869824467771,72.12633345450703,1.0,CRITICAL,100.0
2026-01-01 10:28:00,85.11144982457739,1225.1581036630846,189.6532901463619,463.00321376437097,305.8627060104636,464.2785846570874,170.92739042128807,3.1787486423196083,17.88594181000605,7.683345242485292,905.7689351597331,182.73120592221136,73.5286760275422,1.0,CRITICAL,100.0
2026-01-01 10:29:00,87.1883830369419,1299.2328981496798,170.03039067208744,479.0008516988313,267.30320890811936,472.8387618559635,175.59679603839538,3.5789915940646613,17.35256436572672,6.322995011552754,930.936442761524,186.18362495803032,71.88357858362264,1.0,CRITICAL,100.0
2026-01-01 10:30:00,81.61507074057036,1220.5256759902793,189.9527367512685,461.3814199193681,274.35301880577623,432.1277102116092,163.44606932443068,3.7145859229014695,17.152634209750588,7.353317504502017,872.2254279399784,174.7240696247829,74.15059658569885,1.0,CRITICAL,100.0
2026-01-01 10:31:00,88.05910063892122,1296.4507553749486,200.2593023112711,475.6795466972744,321.4333607946366,472.84375146689524,177.3468078096887,3.3293201051921777,17.64182660473964,5.685868121917418,931.1198583068328,185.78754261546612,75.24174558816178,1.0,CRITICAL,100.0
2026-01-01 10:32:00,84.68398420284203,1249.1633889648406,201.01347507889056,464.9818875460434,289.5219629025254,459.27082904557466,170.17127725681172,3.693065333432225,17.458476048102593,8.573836374934238,895.1809481695595,181.79414640952584,72.45549849632924,1.0,CRITICAL,100.0
2026-01-01 10:33:00,84.14623786010516,1251.7316967179022,176.64228694936662,474.42572326232045,295.5555244274915,458.96446274265315,168.91126674490886,3.640867241970816,17.473781473902488,7.267645019598191,883.8194221197551,178.6608277240513,70.38619786781828,1.0,CRITICAL,100.0
2026-01-01 10:34:00,82.97579124947967,1223.355560274128,189.46922280634647,462.67179408717533,259.55680727220937,443.7743445330867,166.57140067835127,3.870408008962734,17.018359244070208,5.251196800950419,881.3106106843678,176.92884586926246,71.42852576448226,1.0,CRITICAL,100.0
2026-01-01 10:35:00,81.69028665626846,1222.5206371413874,190.3166818827375,456.48064475358285,254.908051876108,426.7811933584812,164.1837675215204,3.416443397497276,17.46678086091273,7.453731051951792,861.3267804228299,173.5602686936431,73.12614910556132,1.0,CRITICAL,100.0
2026-01-01 10:36:00,86.64634116792382,1248.6415607095582,194.7735993177189,471.0692629579477,283.29377387726583,472.22492577795055,174.4838989936939,3.2804778035448545,17.846990581423093,6.939964032415501,912.4977383611686,183.2432157645244,76.38890535320313,1.0,CRITICAL,100.0
2026-01-01 10:37:00,85.1466359343768,1238.6508982247726,180.94958231175167,474.13124557622587,285.45200568387,452.1052433378442,170.63719026815585,3.427674378125491,17.458762031398727,6.465258227121934,895.5126303400847,180.04149319482724,74.82618424978256,1.0,CRITICAL,100.0
2026-01-01 10:38:00,82.42007820051789,1257.0242136507031,157.64525059816035,467.31174907854535,275.3158444323535,434.2746228549288,165.64159873525185,3.787114198632725,17.263815333731475,8.994640318225683,871.8988203418957,174.63051640761662,72.02886046374886,1.0,CRITICAL,100.0
2026-01-01 10:39:00,82.40984245587276,1210.5333385872964,187.8802207525476,457.6582662161029,269.5587936123646,430.5135692613334,165.79894902274594,3.1343188238316073,17.80407405463476,7.535068574899864,873.9585774862927,175.4281765604236,70.21078890957298,1.0,CRITICAL,100.0
2026-01-01 10:40:00,84.32843060141974,1244.1978535423052,188.58626181849664,464.9259401067802,244.8132813474669,460.2840663854876,169.10734159057355,3.0863248569137935,18.075379635538376,6.696226455406515,894.652378920026,179.02406100161488,69.5624181470624,1.0,CRITICAL,100.0
2026-01-01 10:41:00,88.33804305057879,1319.2902327830343,186.40426685546902,488.0882095520792,297.82988386038005,476.3904213448753,178.57441870199509,3.517879055786323,17.405078464299887,7.212793845453296,930.3778973287181,186.6446147309539,75.26835689672977,1.0,CRITICAL,100.0
2026-01-01 10:42:00,84.4808172972728,1241.734226905556,192.66541172582566,462.6549146613483,320.9510487718636,452.00656452180016,169.53488685451492,3.411482141445169,17.702854011575415,6.06606503632764,900.1545915047038,180.47115858724445,72.11291090875088,1.0,CRITICAL,100.0
2026-01-01 10:43:00,81.99371409376378,1224.761537410971,181.23719798191524,459.609305510023,287.3178725527144,451.61856639197845,164.65270973071082,3.501545578635137,17.516940286770897,6.214561808345621,868.896114647688,171.02067511878684,72.69256015435352,1.0,CRITICAL,100.0
2026-01-01 10:44:00,84.50851387182811,1222.4682132077937,171.3915542053794,459.7294770565808,283.7918721247384,460.27615853255287,169.52787376874497,3.689062354247173,17.336157131176254,8.71986866980844,891.1465265519535,179.52691499157743,73.22559198238214,1.0,CRITICAL,100.0
2026-01-01 10:45:00,84.45455286050466,1257.4433982567602,165.79778258353937,463.96120758003934,253.44627089112532,462.6290302114529,170.80834576457838,3.3894861307762296,17.41348301108863,6.938289754582545,895.6769899412639,179.62684442766832,75.78826534421083,1.0,CRITICAL,100.0
2026-01-01 10:46:00,79.60622671411686,1201.1873827447248,167.37869122266358,448.9696355357262,230.49348189195132,422.5132602284572,160.48890604253344,3.125398833813876,17.654309830865554,7.672637771047066,855.8800313088877,170.3594162964889,71.07995845136983,1.0,CRITICAL,100.0
2026-01-01 10:47:00,84.89141026696437,1276.7869052622534,208.4561043097571,474.57225992986525,302.71865494469034,459.566695555332,170.31452453080692,3.908896311439989,17.06904709453328,5.447024543322338,900.5899055023193,179.7179490928754,72.0001369945633,1.0,CRITICAL,100.0
2026-01-01 10:48:00,84.53813093958264,1245.6725931713365,194.0662008166009,476.81643663933244,226.23997275172408,449.2852386327897,170.62937765859527,3.3005543425122448,17.724136263829415,6.276399525671094,893.5670312589584,179.28418194654924,69.04024635842639,1.0,CRITICAL,100.0
2026-01-01 10:49:00,86.39241272962684,1280.6634243246508,193.27929686176367,483.77227763870627,291.43835928488636,465.79454961097866,173.8851748063981,3.2881925755975803,17.599287641628646,8.174307365111117,906.2868205156749,183.77077384256842,76.88508065158443,1.0,CRITICAL,100.0
2026-01-01 10:50:00,88.69791218989069,1308.618201613952,189.41474665268413,489.15044568660085,277.3198854591211,476.68269333069117,178.52445109033712,3.720744002744519,17.17038665620785,8.214739946242563,935.8820602940466,188.88699078406157,78.67710019837405,1.0,CRITICAL,100.0
2026-01-01 10:51:00,87.25313005909551,1280.833523824034,191.44433353645246,483.06969336407906,322.49888842979095,473.9516418246951,175.3340215138148,3.4231021757916964,17.633045087190915,9.456473427936832,923.7059412163957,184.20572413301227,72.07008086547197,1.0,CRITICAL,100.0
2026-01-01 10:52:00,84.46222261889034,1228.4417066808228,199.38687793898163,470.8502967210287,330.5021944051791,456.03495332004314,169.54973724430218,3.487322029593038,17.568963418452675,8.900814884576285,892.6843217326256,179.19142102090822,75.58825813476727,1.0,CRITICAL,100.0
2026-01-01 10:53:00,82.78694818251665,1250.4689002517496,181.33562602598877,455.60685914481314,305.22040641135004,451.53260521745085,166.7427794145606,3.5965580248120634,17.389667869149147,7.72481563671083,869.5425586339616,177.25247032938205,71.99379288719835,1.0,CRITICAL,100.0
2026-01-01 10:54:00,90.14671960649972,1270.883023131609,199.67361440888823,492.6876312112016,379.25746822210715,488.5874962266076,181.02089559800163,3.716716620621999,17.361303551496608,8.09903412343024,947.2143691174799,188.1694121371206,77.43874668145108,1.0,CRITICAL,100.0
2026-01-01 10:55:00,85.11843686802898,1263.9160496441746,185.90242625326076,471.11284331183316,254.12504118200246,469.8793694585295,172.1452515508455,3.4333078613636454,17.44927190906434,7.574885363734052,908.4570609847286,179.54686113624336,76.32431600291784,1.0,CRITICAL,100.0
2026-01-01 10:56:00,85.02785858382589,1226.6589548809911,204.75948639329883,470.8211705749217,279.2721512649705,458.2512247116698,170.42107161503023,3.80399040118286,17.160416107108446,9.73689260115464,907.4485908569112,181.52155314625475,75.71165721352195,1.0,CRITICAL,100.0
2026-01-01 10:57:00,84.95174982578,1300.4092439435901,196.63100481612605,464.64500115369646,298.5465159945287,453.5119559513349,171.67157803798747,3.072840030253039,18.091947730325327,8.096438972372937,895.084302411777,180.9960374851683,74.26406176461441,1.0,CRITICAL,100.0
2026-01-01 10:58:00,85.39616952153571,1213.0042750244484,200.89350110872687,468.3609559448917,279.15878508465823,463.5002963239275,171.73667961867253,3.6519574473906156,17.354874765603366,8.06113551985355,907.3254791513543,181.3147842539981,74.26336974885253,1.0,CRITICAL,100.0
2026-01-01 10:59:00,84.71127917615212,1281.5565904102666,182.32932345731535,484.4672861461109,275.75831502145957,452.3507333253355,170.5721012193148,3.3320944883964687,17.680536763062232,7.740947657279152,891.2199278376703,178.9739614791951,74.00181192198241,1.0,CRITICAL,100.0
2026-01-01 11:00:00,83.85267598623953,1250.0652233355693,194.0091858937838,468.87896787053273,274.2545158611005,460.45206460171056,169.12193085579378,3.7744542633215983,17.456140395275177,8.929263855989575,895.5483412723701,176.82353347349365,71.28202592122658,1.0,CRITICAL,100.0
2026-01-01 11:01:00,83.90628211751921,1230.5500845085064,180.94350923777873,461.51246887283594,253.9246923701445,450.59867342766944,168.4974395875362,3.528408895766109,17.331656887649014,8.16398235136072,890.2890004146633,177.22134861579605,72.01482279455074,1.0,CRITICAL,100.0
2026-01-01 11:02:00,84.934493459568,1231.8343187349494,189.6965448651873,463.11729704079465,287.6430085189704,455.44417741281717,171.3011111114853,3.3654189335981197,17.71422410306609,8.955133068482965,904.0931420887626,181.4169951399547,71.14296045846532,1.0,CRITICAL,100.0
2026-01-01 11:03:00,83.91315045773247,1245.6912914895365,200.3235063843449,464.78320493488496,294.8059598049265,449.0910854300533,167.47252898777435,3.6325682186043267,17.533830409376485,5.37446073185781,880.556037841412,177.1978582263096,71.46444081470814,1.0,CRITICAL,100.0
2026-01-01 11:04:00,83.57430843464567,1230.6250197654504,175.86012466860257,475.4488877519092,264.90812500314826,454.54917733416096,167.78862210268036,3.6786376694414504,17.288876537908695,7.78366544159587,889.1312698560812,177.250039833531,71.12617899037868,1.0,CRITICAL,100.0
2026-01-01 11:05:00,85.21286045538379,1235.5841694274777,187.1174923832092,464.47062879279525,269.22891180307226,457.60309186387155,170.96368950709706,3.6283788245717274,17.45758425411376,7.366846812938926,902.0902342354154,179.67201326590583,71.89967762506372,1.0,CRITICAL,100.0
2026-01-01 11:06:00,84.49004556515828,1247.8995306308914,192.81146935825802,467.61987459432845,277.2271775627126,453.39791164458774,169.3533381241307,3.294060752073388,17.60773729820552,9.222301553541676,899.1601010055371,179.8228651604156,72.86552945742356,1.0,CRITICAL,100.0
2026-01-01 11:07:00,88.00798597716538,1240.8852514863797,194.74697614421913,482.964954530006,264.8156057003291,484.0016132874015,176.90849453529128,3.403196575275583,17.528130185167683,8.931623534373099,934.654198762143,185.4772456739843,74.75842708033115,1.0,CRITICAL,100.0
2026-01-01 11:08:00,79.69806038321397,1193.7022222333435,176.14384551924536,451.44398895417135,262.9658951699941,424.6896626179148,160.5889957505188,3.499185432575713,17.539311209029048,7.255358064385524,847.3095272795134,169.2985268762735,69.76291774727513,1.0,CRITICAL,100.0
2026-01-01 11:09:00,87.18301370384492,1338.1112118036517,212.88842343114015,482.6124256777937,314.09005832209493,471.73142957935966,175.7173574069395,3.491748069469988,17.58810859784107,9.116263715555624,918.8259888429697,182.68264527464703,71.50176973648841,1.0,CRITICAL,100.0
2026-01-01 11:10:00,87.49217038499526,1253.17212356647,176.89539308723118,484.16024055129407,292.3605541328954,477.7559169435987,176.10477914859072,3.6499490950876696,17.462144556152953,9.339246650030034,928.82018476085,183.3709725337856,74.76702671978161,1.0,CRITICAL,100.0
2026-01-01 11:11:00,80.8532195351837,1227.8200070688852,197.0327363232697,456.30715739361835,269.60817926210314,428.4608996167612,162.37359233792063,3.0970197534986785,18.05994310519527,7.690934056029399,858.2314228548114,171.7141122636889,69.94567890850196,1.0,CRITICAL,100.0
2026-01-01 11:12:00,84.31462481183931,1227.5096512536786,199.14347780034245,459.97637009081336,274.06409608332825,457.0320336343128,169.8137578425912,3.5668654109107005,17.426389933233782,9.663758206180319,888.7823233507548,177.30409246848086,71.8304413697977,1.0,CRITICAL,100.0
2026-01-01 11:13:00,84.25711826800841,1243.527983731042,204.316881585664,467.4396232678171,292.6702180794286,452.13488620177486,169.57637938344226,3.442003729112672,17.67735744640459,6.988304487686806,887.9704215227957,180.61932317535133,72.06090921478827,1.0,CRITICAL,100.0
2026-01-01 11:14:00,82.18497661056436,1251.0906368122626,165.37808456061595,464.8779661749727,283.04364261562955,446.97176830653893,165.83798130509672,3.3322998767232095,17.633469638931878,7.473156440416059,864.4639440240818,172.30843010901648,67.57748926699179,1.0,CRITICAL,100.0
2026-01-01 11:15:00,83.44436662481824,1253.7995962597279,172.5529836749851,462.85255511250523,234.59176966371302,445.54911343459025,168.27720160110223,3.35150264444608,17.738706486712747,8.811265147147296,881.8922104503672,176.0885579509724,72.46844750919358,1.0,CRITICAL,100.0
2026-01-01 11:16:00,82.77884830906834,1235.9549917626828,199.7870031498183,466.3500122745838,285.4698338395396,450.90561331244726,166.57293482509698,3.457092467096407,17.563656412688808,6.838303182140717,883.3019433210552,175.57439748540423,72.51829061238881,1.0,CRITICAL,100.0
2026-01-01 11:17:00,88.50454088684725,1340.0362621627942,170.85681424124368,489.3522128110876,324.0289006460558,484.29961087444775,177.5604552706139,2.7797829791080964,18.264784811600098,8.062172160863403,935.9345578669997,186.64394883589873,76.79070729788535,1.0,CRITICAL,100.0
2026-01-01 11:18:00,86.87135678629492,1266.9099455527253,174.43313456792086,487.43720822330687,275.25039078550867,473.45690386274737,174.41623849467382,3.35974208584169,17.682608701560515,8.994607741671825,916.0647293333341,182.63856811592592,76.57453954792031,1.0,CRITICAL,100.0
2026-01-01 11:19:00,87.54311018998831,1275.799307044694,185.90469098570304,478.02736970983506,319.99297319686593,472.9221070049002,175.8113257001576,3.3248370350707415,17.514692463949476,7.517099980852022,929.4553815907834,184.12829254048137,75.43754736355567,1.0,CRITICAL,100.0
2026-01-01 11:20:00,86.44334412808647,1273.3762808285828,192.94323962922877,471.79056623177644,304.91908052872515,464.162042351685,173.7290550892148,3.606556641864525,17.281031172249396,5.685717598060959,910.2710581722476,181.8960341786737,75.11203766377105,1.0,CRITICAL,100.0
2026-01-01 11:21:00,82.74189645756555,1204.7376461127578,199.43100442385634,458.90315412484983,259.29616199597365,443.52693180621503,166.61781812892596,3.338894663497896,17.671359480483854,7.451963982021697,877.8957159473193,175.19707122031102,71.50569864296615,1.0,CRITICAL,100.0
2026-01-01 11:22:00,83.95095946744046,1224.755130967521,183.41488447916294,463.08250401089373,268.3417423138219,459.958541969907,169.25950612994495,3.456977239965902,17.37429485206998,7.100024975724986,888.6114428107769,179.85384802439833,73.53586901313736,1.0,CRITICAL,100.0
2026-01-01 11:23:00,85.97874912245584,1266.2613540265424,184.34947361161497,481.35850753819506,261.9867416898195,460.2639083067977,172.93193889840398,3.8084553255322606,17.274665784787715,8.132589248863265,913.6831443525001,182.0354355414699,70.62854002570043,1.0,CRITICAL,100.0
2026-01-01 11:24:00,82.5557443822161,1205.1246250479746,187.61763200845667,458.5222917889694,282.53782818764023,439.90886494053166,166.11955115838245,3.698870303963085,17.38828529266573,7.962247713104966,867.6713019675635,176.29438925381973,69.25743356981687,1.0,CRITICAL,100.0
2026-01-01 11:25:00,86.42599686034478,1324.955241797194,194.96727203782675,476.20202860149016,283.5366555171656,468.2356326324427,173.92364687318957,3.6804542799886906,17.35226277529909,9.268978241132608,910.0089798743745,183.3589700665177,77.31459680234201,1.0,CRITICAL,100.0
2026-01-01 11:26:00,84.51934920368373,1223.7748455918627,192.12995720684538,478.64487720893584,287.93822599336977,453.30201089098546,169.7807457508013,3.4000255139178295,17.48786108480638,7.842637266791179,887.0022637413647,180.15256080534968,67.69460771875457,1.0,CRITICAL,100.0
2026-01-01 11:27:00,84.2503583849008,1268.103669770545,181.52453125142353,469.12994871798446,288.614587107386,449.328875635603,169.03802064098014,3.6086064558579305,17.52940743802892,8.133164940457615,891.2056002399617,175.70075246720802,72.11993084826996,1.0,CRITICAL,100.0
2026-01-01 11:28:00,86.42191993640698,1284.1812743425069,171.59559612540292,483.1977849218075,260.82732272534037,457.3680204847701,172.96612092415862,3.4532204399092814,17.750500624062557,6.825462966809862,920.2763368822319,182.53938185166572,76.48208586834173,1.0,CRITICAL,100.0
2026-01-01 11:29:00,85.88852662297208,1256.0189738025947,180.881567631422,471.7599144291859,298.0191718347496,460.71122897894827,172.42947856690571,3.4607813578646125,17.553926324879985,8.391971824591957,906.3580301814532,183.08418866909489,73.52429996729414,1.0,CRITICAL,100.0
2026-01-01 11:30:00,84.27806766836184,1231.3434336213263,198.58644609806439,472.1258421028757,275.41267130190715,454.5939729494107,169.79270806335757,3.5819370687493097,17.469116469095816,9.613871683750968,890.2272569926402,177.98439951397435,71.61243199178809,1.0,CRITICAL,100.0
2026-01-01 11:31:00,87.3186596067285,1253.0724530932243,192.36051784251035,481.5723663230159,294.69716728733323,470.45272777996433,175.28586349443722,3.3806012823158134,17.639572583163794,6.720810543344356,927.5452181882057,186.39979237832662,75.1137710390134,1.0,CRITICAL,100.0
2026-01-01 11:32:00,82.8378733448002,1226.732360438244,180.95297425087446,470.9276561278011,300.36098547226845,452.72484050989914,166.55684317088742,3.798600620888641,17.25443629801124,10.058849192319606,883.7214812402785,177.15963684336816,70.56405831583527,1.0,CRITICAL,100.0
2026-01-01 11:33:00,86.23187121388852,1213.1440896974925,200.26049873576906,474.83040766145825,274.4719885806452,466.93638040347,173.6969580714832,3.4679739720804124,17.52007015225695,6.882282141168919,911.8758568025413,181.99461171164958,74.0471959566247,1.0,CRITICAL,100.0
2026-01-01 11:34:00,86.18620251593677,1243.056512438846,178.64585738335273,479.6113133822977,278.7710336083388,465.68651286520463,173.63274978008488,3.623672113251933,17.372871462763683,6.578792909319209,915.2855994296172,181.8692415128272,72.58219993970916,1.0,CRITICAL,100.0
2026-01-01 11:35:00,84.38090712137202,1233.5488308970303,187.18061290859032,473.70391082575077,320.63936946237,454.9831955982864,169.22204781666102,3.7911200958514595,17.299451664198276,7.557104442710674,888.4242985093305,177.74820840038956,74.72207453700906,1.0,CRITICAL,100.0
2026-01-01 11:36:00,85.65226604448424,1273.436847262341,192.01951657381238,465.7490086697344,285.26369534225023,464.45282345523765,172.8030617671953,3.706330754915035,17.528231661274607,8.253082461085132,913.4125321144694,180.67493785710468,76.36834267771872,1.0,CRITICAL,100.0
2026-01-01 11:37:00,82.4977728472294,1230.5695266148098,176.708445851035,458.9431490584392,294.31118373412227,451.549133033012,166.55922073913655,3.218216179461895,17.64177669709793,8.596238493586297,885.7212599419793,173.7629566302899,70.73143763356028,1.0,CRITICAL,100.0
2026-01-01 11:38:00,86.8480540384138,1289.3391008580363,192.52384926724878,484.1134879139962,272.93033506123254,469.0104655413957,174.13118314821833,3.588979179001977,17.400639572557726,6.899310995586837,921.0866193400817,184.12491925726061,71.70546438934856,1.0,CRITICAL,100.0
2026-01-01 11:39:00,84.63019572711403,1259.8744141213751,187.7262209155242,468.1255065323315,309.7133211001332,454.95838132432726,169.8484730194075,3.6701438788921292,17.21181007258466,7.487754817922225,885.8802991644263,177.80434496088162,71.65647024106443,1.0,CRITICAL,100.0
2026-01-01 11:40:00,83.95455395896192,1246.391193049038,172.71201750196252,472.54659606151387,281.93797916197275,448.0233676502658,169.50465325949693,3.6783726044321496,17.48082988542546,6.740646827009784,886.7543882776304,178.51284093411408,71.79566584696362,1.0,CRITICAL,100.0
2026-01-01 11:41:00,87.09801845167378,1305.0856624607973,194.64376734667314,487.6119060547167,281.0235749165385,461.9601104259864,175.1226101427199,3.277341033177074,17.663885169890936,6.145088827172167,924.0443111250844,184.8241156002478,75.68949251514545,1.0,CRITICAL,100.0
2026-01-01 11:42:00,83.59131261891449,1230.0450877601277,176.12799190464457,462.3225317545379,280.2011055719525,454.9106773183474,167.07273626410304,3.368592952596535,17.487086968024883,6.747380944845576,883.805711203313,175.52142083264505,69.85702364879023,1.0,CRITICAL,100.0
2026-01-01 11:43:00,82.18307740727288,1235.061165599632,186.9781864540905,458.98650547793505,258.5461145202828,446.39168470605335,164.6663140621794,3.6989116471483245,17.364907052736534,6.751064231385543,878.1917668439793,175.91597342087408,69.208137288534,1.0,CRITICAL,100.0
2026-01-01 11:44:00,81.8867416529522,1237.9067796552897,197.07008791221287,458.48436594499617,302.68896561048007,445.09334625796595,164.64879849331814,3.347647925863471,17.826783185610843,8.184322351212138,871.8082028517013,174.28709260031962,71.53074559807938,1.0,CRITICAL,100.0
2026-01-01 11:45:00,86.21201990269128,1233.2834378436048,188.5979748294459,475.421112333237,257.37851554434855,462.3518499568759,172.84251848024027,3.4400607886671373,17.62629899818894,8.40952449519093,908.5878215230838,183.17373782682742,75.84743358623214,1.0,CRITICAL,100.0
2026-01-01 11:46:00,82.43914129500743,1293.0489278849527,172.23365630899508,459.82402491600544,268.7274870287305,453.6656254455731,165.67157070469665,3.815175161900394,17.205304625827797,6.49416499982024,874.5527370039305,174.11961738847208,69.70812494566458,1.0,CRITICAL,100.0
2026-01-01 11:47:00,88.50958836396873,1304.6660182441913,191.5423105004732,498.39889458979155,272.9329850869017,474.93251459458736,178.03537483477925,3.490440149923042,17.550473942354557,8.149749505101884,930.6267175364919,187.64155584641057,73.141236583273,1.0,CRITICAL,100.0
2026-01-01 11:48:00,80.83614118423256,1209.8748633900118,172.23167222413608,454.9343640589923,251.47224872253403,441.1314488685254,163.4034096704825,3.3546451724332313,17.786838893849325,5.919823478109542,857.4484874502634,172.79867581818718,76.23714934996181,1.0,CRITICAL,100.0
2026-01-01 11:49:00,88.39291273658007,1299.3213949525928,201.66128584884902,479.87076896884145,302.0030514970535,478.2581266497055,177.64059851504626,3.324476528627419,17.588103544371165,7.8065544945789735,931.156161163638,186.68721707415546,77.28093866344149,1.0,CRITICAL,100.0
2026-01-01 11:50:00,85.42203493440523,1283.5902626971265,185.01630759449532,468.9369147954262,309.7523850668527,457.8588583714534,172.38034076859685,3.5665438659170374,17.42227142367433,6.56319289396418,910.0941583452176,182.84599232805883,72.80362042399013,1.0,CRITICAL,100.0
2026-01-01 11:51:00,84.80657377625921,1247.6234865109852,207.3722286303908,462.1656913670849,298.2665840428589,459.8091528668039,171.32752763353682,3.233370398304558,17.72136058684449,6.652061973245679,908.6457980467471,179.65721218743136,74.58332157206905,1.0,CRITICAL,100.0
2026-01-01 11:52:00,83.91016182638211,1219.9775115656416,198.49486694382728,458.3550153728814,249.80772306807896,456.03567663306757,169.53747848744027,3.4505328072207164,17.43268066205011,7.914246185422334,881.9456765976424,178.9611094532167,71.87921620167684,1.0,CRITICAL,100.0
2026-01-01 11:53:00,85.79827222870414,1236.3739684395862,184.3679909486383,465.9197974926441,263.0674693067276,465.21308440335736,172.73892175410106,3.566646106998004,17.400516367060316,6.813770094292481,898.3666408559926,181.88955326466692,75.37293156116368,1.0,CRITICAL,100.0
2026-01-01 11:54:00,84.92473059515031,1232.7647085349645,195.2784851584392,472.620796685006,297.4220446881063,459.1761273258184,169.86781661638113,3.7598299641095334,17.35094214548871,7.320447367572334,898.0214438422462,180.43498272315747,73.2585708716727,1.0,CRITICAL,100.0
2026-01-01 11:55:00,87.20660376403305,1281.504909140468,182.67748853911786,477.673512705054,352.2096391356246,469.7099754775085,175.64361996076804,3.633509616073999,17.42315059876527,5.260161132079693,914.4739591461871,182.74187526043133,74.9478268075616,1.0,CRITICAL,100.0
2026-01-01 11:56:00,85.22845529732407,1264.4822130597886,189.43326783129987,488.45720735954603,302.337931137075,472.9388389972993,171.98111053855493,3.3571869764035642,17.707244073607256,8.524217616137285,902.5156109915954,180.8279643328635,72.95560050139768,1.0,CRITICAL,100.0
2026-01-01 11:57:00,85.30060352292375,1279.3343470271102,186.1070262868605,483.5039940638919,298.178358603182,466.2837575924085,171.5606734931298,3.7356838635127443,17.27896369765259,8.00116770776448,906.7507157982672,179.86623194459023,70.34572015141282,1.0,CRITICAL,100.0
2026-01-01 11:58:00,84.27277557557228,1247.4122527626466,192.8890110505514,469.0216642246077,289.97346459359665,459.28285442207425,170.4178430861822,3.4400969924905045,17.612235385782355,7.683914156300487,900.198465242057,177.69915284536688,76.29441025924412,1.0,CRITICAL,100.0
2026-01-01 11:59:00,84.88610875255786,1216.760493551263,201.90614128784375,467.27080451529554,274.4187555171782,456.8340720774859,171.20213428584944,3.2528593955901184,17.66708157017507,5.788455490901442,899.868060319155,181.5163206895817,71.0258191615108,1.0,CRITICAL,100.0
2026-01-01 12:00:00,85.61560353778412,1282.4217019751156,200.3182022460882,479.49274491385097,275.5895521054707,466.83562041352,172.51534376414463,3.4655917281469053,17.503457283260374,8.61198327601538,905.1902592535934,181.0174368275059,70.77243567760611,1.0,CRITICAL,100.0
2026-01-01 12:01:00,81.57966321468675,1241.9229522946687,190.5773674263598,463.7963291980015,250.68229901340052,445.23485955096874,164.7025167849764,3.7876338402291405,17.23156658346773,6.905056132011005,855.9047075640021,172.156024598398,69.83801080623667,1.0,CRITICAL,100.0
2026-01-01 12:02:00,82.30362915578857,1248.3892878238855,190.56796293192696,453.9796132595243,262.73498674010574,443.96456056455344,165.7739432372076,3.533048010012985,17.494703575875207,7.077570016358667,873.1672173038147,174.24812668346826,68.91995969760984,1.0,CRITICAL,100.0
2026-01-01 12:03:00,86.48652818804543,1267.746283303435,198.20567831034043,469.47570536146054,326.9302333523503,464.35672198209926,172.72665112639316,3.5025043728659573,17.52951441262623,9.819238062064208,915.2217181832016,181.67260614716895,74.0857969693158,1.0,CRITICAL,100.0
2026-01-01 12:04:00,85.34173087625588,1264.9506427796443,180.54490910334272,464.51499466907325,293.12806234683194,459.6713097391643,171.4338922767766,3.827442328940571,17.158724142857793,6.571175509297744,906.6120928336226,182.11734622070804,74.64891239812823,1.0,CRITICAL,100.0
2026-01-01 12:05:00,84.63203332729464,1325.7583639948607,203.96515652880265,475.78574968974795,221.22624228609908,438.9586337190484,170.8626506682132,3.2137290305891146,17.74852862929785,8.152345139066743,892.7778927653009,178.56838591042276,74.69623246289416,1.0,CRITICAL,100.0
2026-01-01 12:06:00,85.03686786613079,1247.312090498977,207.62233613699715,470.487985636605,278.75300883109264,457.840929927271,170.66994006221245,3.2428801771894453,18.072896951114984,8.062747339333729,898.1934156601287,180.60303566620524,74.65895573614799,1.0,CRITICAL,100.0
2026-01-01 12:07:00,85.69516341072334,1238.7974782451424,188.88690091401307,481.36174211093726,278.67704528418756,459.60452208719454,172.2785905688282,3.1768307058066334,17.913848021486608,7.47764662292996,899.5616228307125,182.746433535657,72.94486661900731,1.0,CRITICAL,100.0
2026-01-01 12:08:00,83.92048063938128,1231.1519785367832,180.68877334183333,461.1525841693039,280.3760343928436,461.57990027181853,168.31854312181102,3.574529637296011,17.466785110299252,7.643240652660497,877.7483423593924,177.34080859754783,72.2355681668282,1.0,CRITICAL,100.0
2026-01-01 12:09:00,83.44339054919537,1265.3252622659859,190.31859068221107,459.5455775891176,269.0060806499159,450.6268516864988,168.77874239599163,3.5332986254230248,17.443380524756336,7.992692525599054,878.8914200379699,177.41880353066352,72.57047054115128,1.0,CRITICAL,100.0
2026-01-01 12:10:00,85.39169051019536,1219.5861590602738,196.05741314343754,474.96296908780477,328.6758790750205,454.41943866401925,172.62412724909973,3.808547273455955,17.146330843849658,7.388709609786938,896.0652760306886,179.7532949654863,69.79777756027215,1.0,CRITICAL,100.0
2026-01-01 12:11:00,83.04325444476994,1230.3274379847587,185.91544953704175,456.6347692297808,279.75735779143054,448.25825589672,166.64457444196952,3.548695015427354,17.43822492519995,7.795056136702211,882.1161059248025,178.53227845865356,72.57577295605567,1.0,CRITICAL,100.0
2026-01-01 12:12:00,85.81650551142894,1265.5775920617298,177.3502634316161,463.0959043002217,284.60977876772597,458.56735970997454,172.70666002305242,3.4191685681041393,17.610114316254528,9.392167102890696,905.5743848309552,182.5693911574745,70.7386058339755,1.0,CRITICAL,100.0
2026-01-01 12:13:00,81.59483279152433,1243.6189648831535,183.68963238778016,455.8919307645571,244.71129305111566,443.1678149020639,163.84941855916662,3.5003589745756214,17.311597471018068,5.813794266412696,863.2571422648692,172.99705914428785,74.35655943103244,1.0,CRITICAL,100.0
2026-01-01 12:14:00,87.05831127465129,1304.7864288870192,200.0759545171313,485.3988911474667,295.7928353025079,470.50952527761433,175.42409486881826,3.5235414836921914,17.319519556770338,8.928743993930418,915.6610475156367,183.3437888184136,73.83761885043765,1.0,CRITICAL,100.0
2026-01-01 12:15:00,85.94519496482609,1260.5805393989303,195.11406213200314,466.7052517649516,327.4454007117106,468.4598061437673,173.14523146827332,3.1656477453343665,17.770664015771736,8.279267822073912,893.2891224856987,181.77639337681254,73.3864056174717,1.0,CRITICAL,100.0
2026-01-01 12:16:00,85.51205946862775,1201.3301902845233,191.0907413641408,465.54426626701314,275.0041052612309,457.865529563656,172.42997172306215,4.042066328866978,16.97864761481088,8.323953489076517,912.6621484300152,180.684135214904,71.8702333764265,1.0,CRITICAL,100.0
2026-01-01 12:17:00,86.96538196789103,1277.396853024077,188.4215971371967,472.7935050245179,311.0734432854508,470.65882471516903,175.096723159636,3.6039742036203823,17.372098481664434,8.467984112001655,914.6524670650265,185.88370848978158,73.31236551060145,1.0,CRITICAL,100.0
2026-01-01 12:18:00,88.33094888892515,1306.9228325301922,205.54476456988007,485.27211211159096,319.1653482891209,468.442973501698,179.12960088104452,3.542001661604518,17.605810461005433,7.684314052899635,931.247388540002,185.4363630556354,80.21294624942661,1.0,CRITICAL,100.0
2026-01-01 12:19:00,87.02874013003625,1292.5124225677487,192.90954712381802,478.21717845077194,315.3343554941364,473.182667074824,174.54351837756715,3.623032796855716,17.228727524444704,5.752854129827725,913.0129404739159,184.19228168336272,76.50373148127561,1.0,CRITICAL,100.0
2026-01-01 12:20:00,81.3182515373367,1177.5335806650828,178.15787816308168,451.28180589024487,258.33552899559385,442.48325171026437,162.78120139745516,3.641882196117321,17.28298325692234,7.183461363306233,868.0421670905703,172.6181650080397,66.95619633957368,1.0,CRITICAL,100.0
2026-01-01 12:21:00,82.4408460665286,1207.1847652496447,182.78131233957188,461.69449689842344,249.50803064257946,446.924840202941,165.68514703270645,3.4718893028995135,17.680119871199597,6.15924518238586,875.1256053504726,174.76428183271233,73.96110265459335,1.0,CRITICAL,100.0
2026-01-01 12:22:00,83.75036284460865,1214.8676946865369,168.25288327945006,466.8900527377698,269.1013104762761,452.21832201603223,167.71673155643717,3.37375177275186,17.639360159715654,6.330050059579169,883.3718020197571,177.39210903427895,74.38677482596978,1.0,CRITICAL,100.0
2026-01-01 12:23:00,85.05218210042166,1221.8404352401567,186.87213393788412,475.6965406419535,274.6943104837118,459.73583984651276,170.35813306584032,3.6198901372643406,17.468594121015773,6.3139628590974155,898.5606729474964,179.98829339072284,72.47932075576075,1.0,CRITICAL,100.0
2026-01-01 12:24:00,86.03531804093825,1251.021346039181,190.87822210476546,465.45611721772383,288.7373802894742,470.83914972980654,172.5699787547775,3.5771421681062905,17.627982526220656,7.194396565090086,918.7440800200069,182.94370214820862,74.44164831681027,1.0,CRITICAL,100.0
2026-01-01 12:25:00,83.54851237369307,1221.912371135423,188.1273838637923,464.2400096150331,274.29054704604596,449.99969152031036,167.63593029467032,3.3380219801821185,17.592597578027696,7.098666009650383,885.1202765775244,177.70600919387857,71.80892174011231,1.0,CRITICAL,100.0
2026-01-01 12:26:00,85.37353352895416,1315.993423192744,203.74958589307664,464.50959940273214,273.62228086406606,461.0550635001565,171.26975800693327,3.7838071222734526,17.206261443947344,5.087035841690684,902.8266676014621,181.1659786692811,77.24398663205719,1.0,CRITICAL,100.0
2026-01-01 12:27:00,83.48923413529336,1236.5278442635738,180.30207389554397,466.85369654035975,320.39104852194816,445.318596547209,168.23757774580943,3.5586704072645965,17.414086902642318,7.8531229745829805,880.1854339222373,173.94447890844145,70.19880693025051,1.0,CRITICAL,100.0
2026-01-01 12:28:00,83.7769643940161,1265.5405232234675,191.31122485718043,473.0104725815272,272.32175013599215,447.752798043185,168.30083425748956,3.645963872453526,17.15857682709815,9.515699418597746,878.2967381877995,177.85372366219536,72.31359273476434,1.0,CRITICAL,100.0
2026-01-01 12:29:00,82.18667780630355,1200.4952584948423,190.79847603054083,455.38023493527226,292.32095618942935,443.51717822316976,165.28359832517086,3.7783841775359837,17.19057614208842,8.451941785184866,871.0665846951388,172.71771625243701,69.89305158305723,1.0,CRITICAL,100.0
2026-01-01 12:30:00,83.15353350777819,1193.9012204276921,211.66982174117234,448.87156649252705,258.02928382151777,454.80644773405623,167.75418340280686,3.504377764232967,17.5837284545051,7.1516874740857475,883.1627606394051,176.9533871786922,68.65674599698684,1.0,CRITICAL,100.0
2026-01-01 12:31:00,82.29663078876733,1231.6830186036686,188.03864054475713,463.5435583267436,273.14485592691597,441.9787360086929,165.21010031514396,3.563390401396823,17.4906685527844,7.488278893528227,878.4642302093117,176.06775894510517,75.22058114112384,1.0,CRITICAL,100.0
2026-01-01 12:32:00,83.04825349404534,1205.7786991370258,173.19889731419144,465.8409244158091,273.4427230583095,448.65574142285084,166.9642340387383,3.6620054477012234,17.39990286923758,6.756318986914358,869.2400522679552,175.17026787550213,69.07546963703146,1.0,CRITICAL,100.0
2026-01-01 12:33:00,87.10728359321568,1244.3224932674975,198.83853750024295,468.8654797039362,323.60342922863265,466.3211209858745,175.39744717947784,3.3550277832399895,17.60742131869606,7.691016497504669,915.4473542970417,183.95278646408866,75.12608524954811,1.0,CRITICAL,100.0
2026-01-01 12:34:00,83.10120222233611,1231.76503009374,203.16118176197196,460.9883676411149,252.49560997720192,445.7780538743633,166.2316205443621,3.5108103325692004,17.423579943830237,7.325686537423042,878.1083167705789,175.60304873961923,67.99956056510823,1.0,CRITICAL,100.0
2026-01-01 12:35:00,90.26476412967479,1311.7060670394794,191.26834013992672,486.7090749872705,300.25211552144185,486.89634023521677,180.3370755048743,3.52510971733023,17.60181584985963,6.972965383734435,952.630237053882,191.76496003510638,76.41367022525365,1.0,CRITICAL,100.0
2026-01-01 12:36:00,85.98663580176178,1295.594244332048,197.78081905676305,473.91393979507694,271.3079331361056,456.63965649542223,173.14633026792242,3.308788289663321,17.641479995700912,9.414955700809875,909.1411895599757,182.06829948879562,74.63324628427634,1.0,CRITICAL,100.0
2026-01-01 12:37:00,85.36967224738974,1270.789993654557,198.8252247855986,485.50056737908943,309.51351616365884,467.08428070501503,171.98535163506293,3.9635273577347756,17.065880846144545,5.864133980317758,903.0882790454611,182.4676738753458,71.64626983890707,1.0,CRITICAL,100.0
2026-01-01 12:38:00,83.28328443963757,1258.545838235088,192.83435142928283,470.9690431003282,288.56210760630313,445.72510952329634,168.59867894670134,3.2185413113015193,17.797792156766235,8.180332334989947,884.8733246892253,176.98032308222253,72.80023125318137,1.0,CRITICAL,100.0
2026-01-01 12:39:00,86.40061975881798,1287.9484376109217,192.10193731076328,480.75074195368956,291.1406271323625,470.7464485773962,173.88028695556937,3.2403792192625684,17.905792482363143,7.2334675006702795,909.4897320342843,183.04368969827178,73.58241362327821,1.0,CRITICAL,100.0
2026-01-01 12:40:00,83.84872434752445,1267.1394163157006,180.04740810759884,473.5651670614183,286.7835969556139,446.06774077986313,169.10731855367794,3.7628453151407157,17.33429592062652,8.975001856102242,893.1579506864131,177.76565547765173,74.3991445028168,1.0,CRITICAL,100.0
2026-01-01 12:41:00,85.24401962929072,1258.2037315261286,185.44460244448024,473.8891284617074,280.86643954563795,464.0591581850799,171.39030293678846,3.6426532501593085,17.22782088777398,7.583631870384057,904.6074585014046,181.30603135783878,75.91873753011302,1.0,CRITICAL,100.0
2026-01-01 12:42:00,90.1201690765376,1295.541099724815,201.55696901510788,486.71733900045615,357.1788204770949,488.17727090633105,181.38895176386774,3.2948070365038444,17.586437646818652,7.199559661132998,949.6025294447355,188.50265195482984,75.92264573977005,1.0,CRITICAL,100.0
2026-01-01 12:43:00,84.8078802005507,1235.395465076901,195.0308900834127,466.9400571330027,295.7113024909148,458.3536149869946,171.44938882197616,3.6214578030203386,17.436433178786576,7.349870651034378,906.0833419649516,179.7011043566219,72.99976987922648,1.0,CRITICAL,100.0
2026-01-01 12:44:00,87.29854665257135,1293.6609206226835,194.79360093492335,479.33874427332444,255.58552134532795,465.70382814859084,174.53509689607986,3.793570088999462,17.19999614626262,7.584471065597553,930.7675467035723,184.52704686141473,75.20574577500155,1.0,CRITICAL,100.0
2026-01-01 12:45:00,83.59364714974822,1250.028769313048,183.23207908444147,461.0896684773964,270.4262601368162,452.35792917607336,168.39410242828228,3.4939473884806027,17.460535433124022,6.266689388816008,890.6009482734513,177.9127131266542,73.11361631066796,1.0,CRITICAL,100.0
2026-01-01 12:46:00,84.93002301900607,1266.2016878512707,192.88160596059936,473.5270328096243,275.3989608807385,452.7980105523803,171.92783940305083,4.019764580014916,17.081798208384534,7.013050456598384,884.2074463372218,179.67234443213812,72.9727824076934,1.0,CRITICAL,100.0
2026-01-01 12:47:00,88.54160127127102,1299.0140284817492,202.322734408617,489.98040149502856,261.7396593674471,475.93649113225536,178.2242196521467,3.1551876378263928,17.863558300382497,5.734118602176423,943.3107381763001,186.04446810837936,76.2137029357025,1.0,CRITICAL,100.0
2026-01-01 12:48:00,83.74606588442447,1234.8010136512962,188.38234010300636,468.8005964915014,330.59646730292764,457.7763400124785,169.31741825046535,3.6387646907718203,17.366481047917123,6.787999250054691,891.4344514566044,177.49948244376864,71.51003975794933,1.0,CRITICAL,100.0
2026-01-01 12:49:00,88.62489711599386,1292.4412359090481,184.18254136175136,483.94092578130085,323.41421751108516,480.3400124461479,177.935188157223,3.7333056672442004,17.344677196831306,7.061773941999695,946.2810143485033,186.1669537031194,76.13039742673912,1.0,CRITICAL,100.0
2026-01-01 12:50:00,86.41550387091095,1255.1205955417502,187.39747659743387,480.8455495375433,300.1768975022047,468.1495427102341,173.81498399474006,3.678268780321049,17.284220320184595,6.623454973799018,920.3423616677771,180.90574552923442,76.72828348379903,1.0,CRITICAL,100.0
2026-01-01 12:51:00,83.87506644821147,1252.0682721082976,193.7976507433614,469.79261576264287,257.3342747013353,447.5621223444832,168.76689524761724,3.4591288546708703,17.697723043876387,5.605806713355022,896.6423778696011,178.47725537790842,73.39221964099289,1.0,CRITICAL,100.0
2026-01-01 12:52:00,86.26481547811105,1283.2482625547595,175.21349680349027,468.6586470029512,277.0388886868614,469.47720371933667,172.4208354165427,3.44191170359777,17.479283534078927,6.935358600839352,917.0414290320123,183.10869252891678,75.41436366137557,1.0,CRITICAL,100.0
2026-01-01 12:53:00,86.94510889925346,1273.2455864916917,166.3886465272411,474.7603498305614,312.14258486440997,468.2274815487757,174.30612888458182,3.5888290342174516,17.476863872416757,7.999674440008215,926.1945549857621,184.3573087425005,76.00222776767392,1.0,CRITICAL,100.0
2026-01-01 12:54:00,86.2436199244344,1257.7171435584096,203.4639508938076,463.1492545895049,259.65743518816885,453.4053576147882,172.9388023091768,3.663150897330414,17.48023238653557,7.246458694316383,922.4068179480162,183.7901682708146,73.68727838378545,1.0,CRITICAL,100.0
2026-01-01 12:55:00,81.85955056021909,1176.4509249048247,187.3337274038081,454.5158240980846,281.2771972791122,445.06860226578726,165.13013415945446,3.6204946872564725,17.241775763816317,7.342431534946861,869.6782792940819,173.05406923013425,71.12529453533433,1.0,CRITICAL,100.0
2026-01-01 12:56:00,83.54572564835026,1223.154687421795,190.8735289927357,452.58010183808807,253.37467155941948,451.4399051142826,168.52752784954254,3.7080115781586778,17.257654904256075,7.207837820834868,877.5961037631118,175.66033715392925,69.66623316200872,1.0,CRITICAL,100.0
2026-01-01 12:57:00,84.50496272889698,1239.8529612435912,175.50627946533336,461.72948457106554,309.18992384684145,462.1079492942345,170.17194367914723,3.296226008586653,17.8179947307019,7.00899435306238,893.5123227888942,178.93989568098593,75.14158549575151,1.0,CRITICAL,100.0
2026-01-01 12:58:00,84.8511331417999,1227.6354394639584,194.528451947645,457.3093836237379,281.2455450961087,452.2474692744604,171.11431773202767,3.4544458041752732,17.66127865059783,7.114366787282044,900.4610594149162,179.3547659838939,67.31498564875348,1.0,CRITICAL,100.0
2026-01-01 12:59:00,86.24134419510136,1255.9225403863463,193.0733862045078,471.7653443969555,285.12654821705803,449.28733603513325,173.40061368384184,3.311996813575249,17.670853626385927,7.784372801296559,912.7878798728714,181.64039267343264,73.81877857141025,1.0,CRITICAL,100.0
2026-01-01 13:00:00,85.35540200186651,1230.9071995773938,173.93886137258085,465.04473585141943,267.05182186974423,460.84851045489114,172.31176983850278,3.4227774447827715,17.503755445849542,9.670385129838921,897.321210187868,180.63095485024522,75.56611355579375,1.0,CRITICAL,100.0
2026-01-01 13:01:00,82.3293112825798,1224.0619742043825,196.43727061291173,457.3513417738726,283.5599991276323,445.57510180551145,165.66301678647562,3.703044178362861,17.392549403870213,7.077742862171185,865.137774699823,174.047017418955,68.13571315880515,1.0,CRITICAL,100.0
2026-01-01 13:02:00,85.76039570201192,1244.9868134761878,187.82102507842689,461.80981283857074,281.19759095226243,454.32337567171544,172.5497234277372,3.521596784145046,17.596758126113116,6.84893232897209,903.8981436769451,179.684786120667,74.40787639684325,1.0,CRITICAL,100.0
2026-01-01 13:03:00,86.22117149056764,1250.6971873861198,183.28682875057257,472.0637410498459,276.0771317702442,462.1222491842272,173.30954666450407,4.021371832629954,16.862161832518808,7.545276216884837,916.2504126855972,182.00116629034153,72.61540429929606,1.0,CRITICAL,100.0
2026-01-01 13:04:00,86.11958089586209,1254.046170838302,184.4250680415511,477.12993191291923,293.4688235373876,478.95461052314397,173.58138703054237,3.5386812734379434,17.34092736166542,6.348374627400814,919.0975078127358,181.10278662502031,73.15805818631193,1.0,CRITICAL,100.0
2026-01-01 13:05:00,87.16156145110925,1258.5875851716598,169.8862804867071,470.06328014803483,276.5407020353138,469.0848780119401,175.11252349391205,3.511938376115947,17.510587292082413,8.659418960778225,926.198452579981,184.55477097382942,76.62113108216629,1.0,CRITICAL,100.0
2026-01-01 13:06:00,86.6678443090978,1287.272340943614,194.3951403275654,477.0163325358725,292.7715208904767,471.2367457788801,174.82390430679465,3.5212365838880433,17.541699479454845,5.18701151922544,921.9655795265487,182.67965385995495,74.73038929904854,1.0,CRITICAL,100.0
2026-01-01 13:07:00,85.91836015845688,1256.7964209845777,188.90387898164278,466.23857158084405,294.7034799610391,462.0976723329709,172.27064574655574,3.372438261428013,17.59765483004898,7.471877318195723,908.779523718751,182.94835179105482,69.66597639099678,1.0,CRITICAL,100.0
2026-01-01 13:08:00,84.8596685770827,1238.5497272766702,184.4364598873447,471.620686063863,280.8408032983227,445.2919481437399,170.1698790268013,3.4884326775244814,17.57949670447375,7.848821568287429,889.8862734822972,181.32320322143326,70.93488378220296,1.0,CRITICAL,100.0
2026-01-01 13:09:00,81.67807813296801,1238.1653809747886,195.6648225141967,468.590504502545,267.02565312670833,440.51067544707297,164.69986964349928,3.7255576054223294,17.20342873389393,7.025639538855222,864.5046784252667,174.03553763894791,72.29313397615194,1.0,CRITICAL,100.0
2026-01-01 13:10:00,85.85923643826517,1273.9916174726295,176.14032339911043,468.8670848764416,282.97630986840767,460.24102332582805,172.67420076923884,3.5227941336255544,17.265736506467075,6.925965769121952,907.2985423232898,180.167446694547,74.58527458699812,1.0,CRITICAL,100.0
2026-01-01 13:11:00,85.41537537432622,1273.6381439865168,181.0404921915965,470.0595367228122,288.020918635258,456.32478839166697,171.60380504057588,3.3413080540233056,17.616301838743436,8.041351931357957,901.6684913090838,182.33594674753147,76.82857144450955,1.0,CRITICAL,100.0
2026-01-01 13:12:00,85.54315767439074,1264.7807793969534,178.9886583196954,472.8180943670761,286.75851577511077,461.29717545726066,172.5313442150192,3.314983075904273,17.691340138747037,8.460434750798402,905.7050510707805,182.66203579915526,76.79982132753919,1.0,CRITICAL,100.0
2026-01-01 13:13:00,82.44650284835939,1245.690232757745,179.02840785712894,461.2680458265884,303.89893281146726,446.8710461761739,165.58937498967572,3.4099596216668315,17.562456382343523,7.423794734327497,876.6721272830587,174.91179620802671,70.27271201839393,1.0,CRITICAL,100.0
2026-01-01 13:14:00,82.83788691918348,1259.3099163027841,184.86865229059788,462.24373511315827,260.0917441505548,446.3259553938886,166.57567321121675,3.5147726868821763,17.369366986751878,6.521534135759688,882.6439451330522,176.99869999870248,76.27678514548576,1.0,CRITICAL,100.0
2026-01-01 13:15:00,87.10630570666581,1285.0558996296231,193.26273652973063,473.78929023896546,285.58925191580363,463.06587848823204,175.9122253883672,3.7387173070952526,17.079717795316864,8.329715621618721,919.6724577448264,183.66093627528494,74.73400390503647,1.0,CRITICAL,100.0
2026-01-01 13:16:00,84.92088969228669,1257.3535651885538,185.05785563386127,467.5856669970533,266.9979641484214,463.9854404742765,171.61135055747872,3.2319022717267125,17.716688847836497,7.082497941599032,889.6900998946439,177.9755334497238,71.0113746850113,1.0,CRITICAL,100.0
2026-01-01 13:17:00,86.36300139474525,1277.0425997712193,177.19921175670072,473.32836891713794,282.06493804897246,455.41338046893844,174.51220189462566,3.4360347444222485,17.653730832742728,8.35779479073717,911.2156253509969,181.9657183508689,72.82312138397506,1.0,CRITICAL,100.0
2026-01-01 13:18:00,85.05663675226091,1239.6934169833141,203.7257652811909,469.56378206552836,309.79934804531933,448.79309065987786,170.97221061605487,3.5288620038870158,17.59675774005435,8.948702386223648,900.7849195075692,181.84257437056658,68.5318591912299,1.0,CRITICAL,100.0
2026-01-01 13:19:00,85.05951227899149,1220.7629342298287,212.30788501475638,465.2439015757039,296.1623876545988,462.2937722422747,171.73437601047522,3.133258846474113,17.985512491939733,4.539497589736538,906.709162400582,178.62794463437152,76.26164783969176,1.0,CRITICAL,100.0
2026-01-01 13:20:00,86.876567611952,1290.9195559899267,192.11538716939327,478.168320421664,300.9165378828051,471.5590689664992,174.27865881001966,3.333280343406719,17.585128703078425,7.891210601018131,915.9266369085994,183.7526565058355,77.69077806764932,1.0,CRITICAL,100.0
2026-01-01 13:21:00,83.96791054356525,1240.446111490517,183.7701294731002,457.62764339648396,264.69450978378416,452.79197101202334,168.48236964976948,3.3640222920527627,17.520607075584202,5.9152357784121214,892.2418235776496,177.9699649804707,70.14331355722555,1.0,CRITICAL,100.0
2026-01-01 13:22:00,85.19224155388197,1233.9601467994498,203.24250369038174,461.8489256867837,320.3894361359024,452.0226450251865,170.20925518145177,3.3408059252299003,17.708857536268088,10.633479636539928,903.3728550369968,179.87150886379612,72.69802466634177,1.0,CRITICAL,100.0
2026-01-01 13:23:00,84.07544942258991,1242.134403696325,169.6374938769162,461.044252653929,276.01410207060053,451.99847556225853,169.9873329461291,3.5383779090043297,17.525132092155463,6.727201052308645,890.9739968915161,177.7073772453427,72.45157462629709,1.0,CRITICAL,100.0
2026-01-01 13:24:00,84.13100754513538,1186.0214069597696,182.65784957647665,454.8475338980583,269.0677996713782,453.98555414979097,168.8300251657327,3.4678880780996404,17.572128882420408,8.493145118185517,895.9627420479767,178.33426422450697,70.38409993182408,1.0,CRITICAL,100.0
2026-01-01 13:25:00,84.38165575306272,1217.2797529794161,176.05882044919815,463.75815156138435,287.1585666280734,447.26199601596437,169.7000452162519,3.388942779479793,17.409650893096433,7.0712199505940045,890.5123515468642,178.2011491641907,68.99512053990784,1.0,CRITICAL,100.0
2026-01-01 13:26:00,85.44426754326743,1247.4148310452367,176.40984631180274,473.01914552087845,282.033634229884,454.89829221158806,171.43337291557071,3.585592525310527,17.327719016201126,6.744119389582863,901.5667431844566,179.46647658936692,72.93469882706012,1.0,CRITICAL,100.0
2026-01-01 13:27:00,84.04250275667304,1212.7862420970405,181.59739969179034,458.3623900524217,296.0148956572456,456.78686452470856,169.43258813751115,3.84461494352925,17.152416177442152,6.870898929541523,890.3655234512594,178.30003745628954,71.59184334641995,1.0,CRITICAL,100.0
2026-01-01 13:28:00,87.51151225114704,1289.1978356365353,184.4563281361012,476.9961641175681,319.2855467415891,482.13182004544547,175.83520767193542,3.8278513033483503,17.220870516114694,8.464038638271813,921.9143899860019,186.09639108473905,74.23238731894008,1.0,CRITICAL,100.0
2026-01-01 13:29:00,83.21078539556099,1213.8742117231047,183.84364218563695,470.477288066507,282.1251502171385,446.9239292085981,166.7691623459055,3.1154456455875326,17.961285090672718,8.394458317905828,884.6479154108829,177.2911433097754,72.01406044165073,1.0,CRITICAL,100.0
2026-01-01 13:30:00,84.62625671167729,1229.6651554537848,186.97762491265007,461.6034692658012,301.1275651793071,461.86262916851894,170.4733447054476,3.615414436767028,17.399010915461176,9.274621167164778,892.6966055949422,178.44277795596477,75.56004468639381,1.0,CRITICAL,100.0
2026-01-01 13:31:00,84.12053788345165,1260.8329041104748,178.69637390714888,469.17028129622383,257.3600228255942,445.52595091948956,168.52421075449817,3.4643953419872324,17.56868303866659,7.344866145669162,892.3368998732421,176.9898478515256,71.69024486737787,1.0,CRITICAL,100.0
2026-01-01 13:32:00,87.89395576870747,1307.9826708382036,191.61350279082916,483.74221440080566,317.466072585813,477.62435071741663,176.3692086747572,3.5310310685730713,17.47745547726304,7.903483416923806,928.438693843141,185.50372365526016,75.6560506124087,1.0,CRITICAL,100.0
2026-01-01 13:33:00,85.39310955302315,1240.7359947591917,185.13868911826182,475.64814735929644,301.00400583243686,455.75127434418414,170.73277454873326,3.4203433932914904,17.64821854413036,7.56901414627149,905.0057253541149,182.35401061584196,74.7682286899084,1.0,CRITICAL,100.0
2026-01-01 13:34:00,87.06368907893727,1281.6013684955271,202.35910831655858,470.858141689351,261.4966001414356,468.76261982035464,174.41539910177573,3.5235177259774404,17.50776883917165,7.1729341823162445,918.3381838140575,184.7729762368341,75.75923711617531,1.0,CRITICAL,100.0
2026-01-01 13:35:00,82.02887925392605,1217.172559858272,183.18732839448376,445.5852158513702,249.69083394195098,442.5350790959622,165.14702309271235,3.5302814792144037,17.476292286790326,6.519758995790638,868.5933510666264,174.76172318464634,69.39425635424516,1.0,CRITICAL,100.0
2026-01-01 13:36:00,85.53410053173852,1280.4835625463215,197.5123016601395,461.6150545735721,331.5028399207958,467.6714453401688,171.08593304442556,3.3842096485302156,17.588953471556046,7.618302816842125,905.8210516573705,181.95805801526254,73.6200346716189,1.0,CRITICAL,100.0
2026-01-01 13:37:00,86.77926159124688,1268.6798910414107,196.76448851705192,473.6217883566437,304.8194955115855,463.67648665214926,173.8179503201829,3.320726490434964,17.687402652069284,6.711294457020727,918.8029884432754,183.97928974501235,75.5184889133356,1.0,CRITICAL,100.0
2026-01-01 13:38:00,85.16456797855085,1246.7095409758608,194.24975353326622,467.8253524908196,284.1116119461092,461.6590946100022,171.3279514990353,3.410260863476103,17.638198274407824,7.61510613085057,901.6246702085527,180.44974450471528,70.87495170781912,1.0,CRITICAL,100.0
2026-01-01 13:39:00,87.1309607501307,1244.3077730874065,200.71955566996454,468.65497210080525,287.78216508954097,468.2048922154092,174.99011805221488,3.5468518528913533,17.479895685998454,8.002543599497077,929.8364192838725,184.92422839690937,77.23184662169757,1.0,CRITICAL,100.0
2026-01-01 13:40:00,83.96542309979925,1223.456793987958,174.19645906393828,463.33716922017214,308.8454454236858,452.5210865692964,169.92686451757817,3.6197992683368527,17.418283373497673,7.876240654123373,884.7005464042861,177.38468009538047,75.03551629026764,1.0,CRITICAL,100.0
2026-01-01 13:41:00,87.81869488037115,1262.440085723936,188.68652719985425,482.9286608162233,275.00289507961327,472.851508763907,177.5543380337545,3.6706697954680294,17.463602390667088,9.293594386691,927.865929828948,184.222926749376,73.80939539340794,1.0,CRITICAL,100.0
2026-01-01 13:42:00,89.5977962472385,1321.1513789325427,211.9318880069052,487.26729591110904,287.2561273300895,477.33382431205575,179.76163126310144,3.4011619953866172,17.625354396888042,7.220329161526735,938.1098173618002,189.91858942910133,77.06557703448715,1.0,CRITICAL,100.0
2026-01-01 13:43:00,84.27432287912069,1236.6026012833017,181.0279396191812,465.40978634618494,271.6630869252633,456.06308649313496,169.82721456744312,3.5567689134605476,17.378331234492137,8.118960883456657,894.6036361845438,179.7863838639906,73.70401481663862,1.0,CRITICAL,100.0
2026-01-01 13:44:00,84.10899495719846,1254.0814387711464,157.90744663558425,463.76002251438956,253.09716386114076,453.1464255744204,169.59263119283665,3.6925005183906596,17.39586016020876,9.498669204772348,885.5137168901005,177.0997579750409,71.19596765310126,1.0,CRITICAL,100.0
2026-01-01 13:45:00,87.9067689542354,1313.7720480376659,193.23868103238524,489.25342798880007,291.6942461617923,473.60257885341804,176.5147984794586,3.7331189790288257,17.13026118720428,8.346379661260391,927.6761382629712,186.6354593908867,76.28864285476452,1.0,CRITICAL,100.0
2026-01-01 13:46:00,88.15914429146143,1223.5181692960364,196.0818951698941,472.3941141733004,292.24662960073454,475.6701361250966,176.57051781467376,3.4882334291736954,17.403625232752375,8.14675940089554,929.7311212879576,187.99905429631104,75.85382668575348,1.0,CRITICAL,100.0
2026-01-01 13:47:00,83.95427994569346,1279.2295985484047,159.63628072549602,473.89865078719254,252.6077870400836,457.48381640938135,168.9024106667329,3.4558136550120775,17.577771071459928,7.013087405287929,890.9472550899404,177.9063136896298,69.22758760127716,1.0,CRITICAL,100.0
2026-01-01 13:48:00,84.15962636580828,1241.7183205709068,201.4816945017081,472.15360839889587,263.3912832947241,459.3470480879139,169.23282989420952,3.5382248467672786,17.51341482001138,7.886399285500514,888.8323090703568,177.50125054687481,73.24602372460373,1.0,CRITICAL,100.0
2026-01-01 13:49:00,84.43643078227899,1253.2537714850473,178.78450749402637,470.22566208463985,293.75918648048656,451.63762157105384,169.65497931607268,3.270058505420519,17.605436372229082,5.985782490991076,891.3877793343199,178.99588023808474,70.34885979328112,1.0,CRITICAL,100.0
2026-01-01 13:50:00,82.31109897793145,1213.6250695769152,183.34453644511888,461.0646324694279,263.2354538191728,448.95787642550584,165.84335638994514,3.4612780977928983,17.500440154108425,7.6932728416872,880.290272099744,174.0716639876622,72.72728488566925,1.0,CRITICAL,100.0
2026-01-01 13:51:00,83.1626961070316,1218.8566344139808,180.6352967308477,460.9421637198656,283.16715569878033,442.7562686952204,166.9500274105604,3.648917279694626,17.29047433708341,7.530054481642541,883.0497950226887,175.70866210410682,70.18773473535751,1.0,CRITICAL,100.0
2026-01-01 13:52:00,82.99171846649587,1249.2254688003509,174.7298410447198,470.9598586568677,267.8147807541624,450.1895809805933,166.40743815920217,3.62838942588874,17.322942941823097,7.386782398212587,877.1119304048473,176.4166210002633,71.07080390587441,1.0,CRITICAL,100.0
2026-01-01 13:53:00,83.46440486979175,1285.207246356565,173.94353979467482,457.89124151366593,270.8884481320768,454.76230768898466,167.98335122475842,3.445946479127222,17.64841329850007,8.421037099396829,883.3898803388613,175.3250802645536,74.51608172272654,1.0,CRITICAL,100.0
2026-01-01 13:54:00,84.93063022522644,1263.2481947621582,177.55834901481415,462.4221501004458,302.7659129169394,448.53570406528877,171.0542454967373,3.5435436402174334,17.52710690613729,6.9418816132375705,907.533077013618,178.41733152796064,73.93726747323885,1.0,CRITICAL,100.0
2026-01-01 13:55:00,85.46842946507304,1283.6097883311622,198.4596868968962,471.331943133658,290.243955784233,461.27736800861874,171.34853645819607,3.3350699319418626,17.663017850072766,9.451249039706543,903.508470259475,180.95614981052003,71.21579573290934,1.0,CRITICAL,100.0
2026-01-01 13:56:00,88.10100098562815,1265.7327223778466,194.48439277658673,484.01736790078996,292.8573838897312,470.6659758859407,177.66604727675184,3.640698429645005,17.3047053776435,8.709196921624802,927.5636267405196,186.17969343234387,73.45096764690436,1.0,CRITICAL,100.0
2026-01-01 13:57:00,83.00329191852242,1219.114431751277,182.5382005429903,464.34624467740025,279.9484371228184,445.7281771631371,166.1213432681568,3.4844357127727053,17.38059932020528,7.779940129630041,876.6079384345923,176.35013841408477,70.20402795757049,1.0,CRITICAL,100.0
2026-01-01 13:58:00,86.96864479695317,1253.7380490315074,185.54443853642368,472.9014304326837,295.30328679044567,474.9496799557179,174.64823286454853,3.4448097096607726,17.69720878421742,7.051624151382391,916.9408155645839,185.81251498238973,75.36420400427588,1.0,CRITICAL,100.0
2026-01-01 13:59:00,84.57202231154898,1233.8735800488307,198.50144526178462,465.9040832901813,263.47376031453643,452.48002363791596,170.01504035499914,3.427655232781323,17.631556157247168,7.6139018307524235,892.7477345033561,179.24855865917377,73.37421747910473,1.0,CRITICAL,100.0
2026-01-01 14:00:00,84.90107258069513,1206.6697020291515,202.58487057377275,466.01852455654335,281.0853395425005,454.3554966818557,170.4840333050643,3.4874212266200284,17.441911862972656,8.688790144603562,892.6124865652051,180.40031731172505,71.23465345523036,1.0,CRITICAL,100.0
2026-01-01 14:01:00,86.34963898433321,1230.1795125305237,198.33861236472504,464.32221479417456,287.63468008752636,465.03644517415944,173.41674773189084,3.4104244710136085,17.66153547874888,8.001959558691363,907.8753893585972,181.72374503305178,71.74529221623786,1.0,CRITICAL,100.0
2026-01-01 14:02:00,82.75455595687541,1210.8512473701476,192.0100761790913,463.7177719893217,249.5322469447496,449.0672551634094,167.44464915490488,3.6316286072005126,17.361349030742026,7.479873365314479,873.3989576969471,176.27704957726735,71.766811575672,1.0,CRITICAL,100.0
2026-01-01 14:03:00,85.7648194923681,1255.0694804471955,189.20997055472338,466.5719419277194,278.6519228672854,459.8976996756788,172.10419694021675,3.420943290396764,17.550345759117,7.142711622954085,910.6060500159466,181.00324811962554,73.24813546231417,1.0,CRITICAL,100.0
2026-01-01 14:04:00,85.33290441642612,1257.562610279181,176.2735295724054,480.0149475123659,288.4798890169874,467.3421905039063,172.8864196940882,3.818592819205476,17.22492833362348,9.152725252635529,901.4228577278968,180.73722966543332,77.58075530803637,1.0,CRITICAL,100.0
2026-01-01 14:05:00,85.98490252801629,1256.8212912434155,184.32455746964817,473.97005799928445,311.7409785427291,466.1631742526707,173.1883684458981,3.793042100696276,17.13280807431245,7.059535237548588,908.8132168346926,181.86095643096343,73.8611293355392,1.0,CRITICAL,100.0
2026-01-01 14:06:00,85.57833728781564,1268.1419438379442,180.3511702447817,482.83048886773986,263.58010961264415,453.2779314249155,172.2027021442873,3.321691302029099,17.643933046019892,7.551016383489298,912.133813004431,182.18964881054532,77.09117548565307,1.0,CRITICAL,100.0
2026-01-01 14:07:00,89.9106002798218,1278.8153925892177,174.9362544677862,483.86300416630286,300.3026675937351,480.7565948450217,181.0593207363374,3.513940853885856,17.4982052525341,9.038720960474606,955.58103854791,188.5112240052686,74.58771302764876,1.0,CRITICAL,100.0
2026-01-01 14:08:00,83.72452003149736,1207.6725994549306,194.94146371754806,468.0262053327009,250.13860098670017,448.18260812033583,169.7140039376207,3.369868675732761,17.58018620497872,7.398556664450812,885.834575599285,175.1658014283797,68.83319014607449,1.0,CRITICAL,100.0
2026-01-01 14:09:00,83.93800608999636,1232.1458323506447,177.87046426477386,460.2950427348487,281.1492643510627,455.12578400769996,168.379215678027,3.4346704873622778,17.632238033664475,8.842755777799635,886.2257433465466,177.6625794829048,69.91023460694603,1.0,CRITICAL,100.0
2026-01-01 14:10:00,83.75371894715047,1211.6259036193264,196.49345990522863,459.8066545138926,301.96983945656166,438.66986958171435,167.94722893483276,3.9004854935289592,17.28642115683887,6.396961882971994,883.215037903137,177.97596915120607,74.38123472062732,1.0,CRITICAL,100.0
2026-01-01 14:11:00,83.8890457616795,1265.9649015084622,196.31770047367996,475.1257008553718,326.1926947285513,465.8295878808001,168.40065842507303,3.43848571657684,17.486084470162446,7.247824577359973,892.3543364653361,177.9303608991665,75.62343978873068,1.0,CRITICAL,100.0
2026-01-01 14:12:00,83.72522574538696,1243.5016370701787,188.9452927982896,466.60667096342894,266.5676439262112,455.4576543754787,168.46652306425622,3.572045207415486,17.26144226295411,9.190466259591236,886.2287212862582,178.68265572818785,70.41582168840431,1.0,CRITICAL,100.0
2026-01-01 14:13:00,87.37803306221511,1301.7432936994496,197.63697316498227,477.65296485928815,309.038421284627,471.0376884072085,174.89318056202393,3.608264258801656,17.191561724450718,6.631113863053152,921.847856170537,185.1934387986099,73.98129439025298,1.0,CRITICAL,100.0
2026-01-01 14:14:00,87.84100849597971,1303.5549628627834,188.04429222784358,483.5388335711645,296.37752603978436,478.48693339663043,176.69318661161873,3.2998741255033517,17.68507906034715,7.177895533155951,924.3417620841094,185.11816866009954,72.93484497635878,1.0,CRITICAL,100.0
2026-01-01 14:15:00,83.85850741250104,1229.2083573251941,203.33986990263142,461.99505271253497,288.72615443652114,463.2631329534876,169.56378839170893,3.328980905118159,17.604702635869224,7.934185645799418,884.7367420799534,175.3915946708624,68.46352623576406,1.0,CRITICAL,100.0
2026-01-01 14:16:00,83.33528885379154,1236.8384302290406,183.9983498087226,461.93207060446105,284.36697084577816,452.35811219855754,167.74628140289548,3.258795525718376,17.76199052438833,6.253525529025508,884.9531794953816,176.43326547338785,73.1050544785865,1.0,CRITICAL,100.0
2026-01-01 14:17:00,85.94283111277281,1241.9857909083971,191.47251426998574,475.72788460148746,296.38544675798664,468.16306307905825,172.739319496058,3.3228058532204447,17.690453913982164,6.970752274296881,902.8511197982917,182.91362122780342,74.20030549614258,1.0,CRITICAL,100.0
2026-01-01 14:18:00,83.89555391143806,1211.692497075144,181.7120179482121,463.11703850415864,297.4390097804167,453.3368003510946,168.4820275985343,2.9299939781365634,17.909684337202027,7.779359335238508,893.9298825833202,177.399060040209,72.1374190944982,1.0,CRITICAL,100.0
2026-01-01 14:19:00,86.26586363551102,1285.0989287529796,180.47535810740362,475.12779014124385,290.93724318871386,464.0213368537733,173.98098312329782,3.6089164801587255,17.209595136893135,8.162909466592753,909.9894131360356,182.5600475346998,71.21257783408207,1.0,CRITICAL,100.0
2026-01-01 14:20:00,85.4058460417026,1249.221152243721,191.81930056143295,468.82640234136886,296.3401216443765,459.6261714351001,171.39877569678617,3.910838768251214,17.118754555783397,8.961973372265959,903.310280695767,181.2330523377119,76.6045901970194,1.0,CRITICAL,100.0
2026-01-01 14:21:00,81.96851177000553,1202.8663945592357,186.09565591677224,457.1705876440629,273.1571292939691,439.72562904563586,165.8602215003107,3.529564147807305,17.48397873566469,9.183249123729258,863.0002279093526,172.92173116576126,69.56809593990548,1.0,CRITICAL,100.0
2026-01-01 14:22:00,88.09501040266012,1272.3551637179187,182.04440764529153,485.51877156544657,303.51296240898637,471.0571776030988,178.15670067917742,3.2167462281318784,17.740671972031468,6.803155603100907,930.8882743353894,186.81325670195906,76.54326117176105,1.0,CRITICAL,100.0
2026-01-01 14:23:00,88.59175534619105,1251.0927646008777,179.86608485241842,476.2948455989714,300.7398623072147,468.72237564151044,178.311886091713,3.3714447234200104,17.462840918066757,7.289311436947374,934.2759487484577,188.82063248238381,72.96428146646339,1.0,CRITICAL,100.0
2026-01-01 14:24:00,83.77442261903123,1251.6481183193964,173.77961767067492,468.4557620362442,260.0492867115893,451.35068852576256,168.54308769402414,3.4082246309950004,17.638914495281497,8.208927330028738,887.4938231960299,177.37603188616905,71.63848771598491,1.0,CRITICAL,100.0
2026-01-01 14:25:00,84.22459688012803,1246.9704059423373,197.68261554882534,456.60611145996774,275.2954630986021,445.2348074463166,169.96452366437686,3.2964830445573248,17.83070690998507,9.007417519298276,899.6045132930898,177.32012933842375,72.9624264165796,1.0,CRITICAL,100.0
2026-01-01 14:26:00,85.57173078144982,1259.082978866003,180.54788642877958,478.0147312970807,268.33918979616567,462.09676339208795,172.6908608140133,3.6720365276790314,17.355761716342858,8.314965659428957,906.6057980434493,181.07686053587764,74.11153506126648,1.0,CRITICAL,100.0
2026-01-01 14:27:00,85.66891357997405,1222.9055168723435,183.3409230686358,485.45056120966797,257.40581583312894,461.3733416987432,171.9348312944184,3.662052008875067,17.25320060206843,7.825865817335092,902.7158398790115,179.11344305133923,73.84442795045248,1.0,CRITICAL,100.0
2026-01-01 14:28:00,86.31708854534565,1248.4776144481261,205.04867007830092,471.6039246247175,275.2212261975387,465.78266228386997,173.37089952412296,3.268909641236468,17.735545575320646,8.280452435207765,909.6142859007238,182.97108035466792,75.04271582037407,1.0,CRITICAL,100.0
2026-01-01 14:29:00,89.0204090775327,1282.9720698938372,184.76706900641304,489.41897023286816,291.8020168361933,476.7294152985439,178.37964443772375,3.6450162088895017,17.21837238301713,8.080328675866499,943.1797467048958,188.493092532714,73.95528634996025,1.0,CRITICAL,100.0
2026-01-01 14:30:00,84.6461055450119,1230.9056041465492,178.4245945662897,457.21049388033657,292.0781853862917,472.4100299559446,170.49674355919083,3.805362532715453,17.300433538668425,6.58986838292717,902.9545219050862,180.96784738386938,73.11162964688884,1.0,CRITICAL,100.0
2026-01-01 14:31:00,83.4034055109231,1219.3356214768296,178.33421338788065,463.5427451190063,266.5104328745157,457.7168099169185,168.14012496357464,3.880511641045912,17.12767279240704,7.324450222689171,885.4436452129862,176.61281622927956,71.95023977569903,1.0,CRITICAL,100.0
2026-01-01 14:32:00,82.24136154397094,1223.6820542123687,195.36867309041267,452.2464674442855,263.19688044750626,438.09366869630753,164.80776026901125,4.073042404617192,16.750141904207485,8.863188810787817,875.8571791624832,174.89120842608835,71.25643460356687,1.0,CRITICAL,100.0
2026-01-01 14:33:00,83.53813992011617,1244.5008268268352,204.07180942468398,459.8865771718826,259.1636431185714,451.3871469524186,167.84868038782426,3.3196014701113605,17.65033109384427,7.709893295758989,888.4300878178452,176.21499173784642,71.9752023707313,1.0,CRITICAL,100.0
2026-01-01 14:34:00,84.93374605425241,1261.9439417211875,194.8541334696585,471.279362164193,269.34658345078174,456.48119986041127,170.19386514971416,4.064844085279041,16.98148606574438,7.7250891444359215,906.4327826093117,179.51106498797975,70.40057129557513,1.0,CRITICAL,100.0
2026-01-01 14:35:00,88.58911572703558,1308.1008226071147,198.8981539981321,495.89869482337,305.0699892172486,471.2867766998822,177.72883154894924,3.4291587222982423,17.537536515604206,7.251207239259055,926.1432064067255,185.65304601740894,73.23569307741052,1.0,CRITICAL,100.0
2026-01-01 14:36:00,83.96477740192766,1225.4294372905365,178.270603324785,468.36051664474564,255.2065090519625,444.66190237290425,169.20506333396847,3.381506908923897,17.590903518932087,5.754977487269429,892.9838687157993,177.7347651825721,67.74328554977303,1.0,CRITICAL,100.0
2026-01-01 14:37:00,85.4475759032778,1242.6518269013195,206.30908961102176,472.168439728405,287.56936285063387,463.74968919005954,171.52841077321645,3.565414474975569,17.312145304319703,7.112339683744355,909.3944392522957,180.589842653037,74.99312974231283,1.0,CRITICAL,100.0
2026-01-01 14:38:00,84.96715420785449,1260.4396259480434,190.7120793120211,455.47136126308453,283.55151001617094,454.1829052227065,170.78389543769282,3.3835877331813977,17.67306636552677,7.468955264019007,892.977923547867,180.23350818179787,74.62903838575399,1.0,CRITICAL,100.0
2026-01-01 14:39:00,87.37678654689617,1276.8962729983086,199.22162442802892,475.30226266466025,311.2470460625866,476.6305074680946,174.9399172298187,3.579808828129305,17.355344251868782,7.5013200325019795,919.3395245489296,184.1299762134597,76.58852981996118,1.0,CRITICAL,100.0
2026-01-01 14:40:00,90.05386485174725,1326.7260860673032,189.5490854232614,495.5833659838876,311.91785837389693,488.0964784968573,181.20122480835684,3.23598456245254,17.548370899846958,6.359151331929953,946.2847347743317,190.1910750544696,77.6566718063207,1.0,CRITICAL,100.0
2026-01-01 14:41:00,83.93826245415936,1280.0605444837572,178.9856675026928,473.09306225872336,266.63163188859437,461.78138434817987,168.8543882483964,3.452249479587313,17.510624783345648,6.546618629331412,885.7386735597067,177.54314485271104,67.88437152789126,1.0,CRITICAL,100.0
2026-01-01 14:42:00,84.02112111496355,1238.3866060433322,201.44837391269215,451.9281210549308,258.06487163258646,449.80814873970996,168.67776260491053,3.757116446872336,17.3409985246847,7.9044263186068715,887.8026258949578,177.7107428416276,70.16347590840032,1.0,CRITICAL,100.0
2026-01-01 14:43:00,87.08832175413815,1283.526348532576,196.9450926006974,471.53184073984175,290.7505608749717,470.70888211619535,175.08213635943505,3.488587741713769,17.472719313626236,9.606833652965408,922.0962316066563,184.25700583423932,75.01148823849675,1.0,CRITICAL,100.0
2026-01-01 14:44:00,86.36378297925262,1231.7868689815316,198.56441939413227,475.0291200684312,282.9883131649739,467.7514681546021,173.81771339875695,3.5283191573479766,17.645479341164375,9.045771301763672,917.966203048363,182.76808890082225,74.36206238898569,1.0,CRITICAL,100.0
2026-01-01 14:45:00,88.69341465147207,1293.8188355428372,194.59394334235532,488.5757577887526,275.66224655138933,477.32325740503006,177.97939522848947,3.595051720943462,17.447845073911388,5.827305686918979,942.3407313035633,188.14800334199577,75.5092352948736,1.0,CRITICAL,100.0
2026-01-01 14:46:00,86.16785637065193,1249.9281592710163,179.71562347871216,460.45237229742145,289.9797478897125,460.09206326611206,172.59758146930298,3.734132325863532,17.299743490364506,8.312544634885574,907.4894484006804,182.21506970717402,74.67211950233805,1.0,CRITICAL,100.0
2026-01-01 14:47:00,84.28141581842588,1280.608450446896,183.36536995527084,468.0112875741607,311.76308249161343,462.5932316933272,170.46561885319517,3.1689550575621133,17.818205115846126,6.7361828745807895,888.590643190744,178.21294628772876,72.4484360701112,1.0,CRITICAL,100.0
2026-01-01 14:48:00,86.18130966138462,1275.6276137792029,189.5315732932973,473.54512510664955,266.02143064201186,463.8801769757132,173.0459829704141,3.616904810367487,17.376266568856085,6.994526081416854,918.3922058139273,182.181811877682,74.18658866021042,1.0,CRITICAL,100.0
2026-01-01 14:49:00,87.21740716116581,1259.4206450870117,185.32708655079733,483.0598795037312,309.86243960000206,473.37944008175555,175.38643427073816,3.4463721721516474,17.5272854643364,6.702249329362523,925.4077912887512,183.72015020549063,73.49579506326862,1.0,CRITICAL,100.0
2026-01-01 14:50:00,86.64096436239473,1279.328369274568,179.16934673749012,482.21328236278083,302.9012042197121,462.82144422563994,174.78734859229962,3.5333275790623677,17.436445481729383,8.581651186209378,916.8239678332922,182.9220176312228,76.27679346215896,1.0,CRITICAL,100.0
2026-01-01 14:51:00,86.0145480622146,1263.5633299892402,196.77485945157775,476.99673792214617,319.90027308515306,458.3906269741546,174.79362371821443,3.711990033952475,17.34109668225424,8.73400051092832,912.5121639999209,184.06025483750244,72.95009523241092,1.0,CRITICAL,100.0
2026-01-01 14:52:00,87.13334937917831,1276.0562635495621,186.78773779379583,472.7881514210974,281.39383696014505,465.5613944964181,174.64445553341218,3.2611626697176312,17.645254207303314,7.293016261100368,921.1844748825259,183.35401999766077,72.04538133730141,1.0,CRITICAL,100.0
2026-01-01 14:53:00,87.33859118089134,1251.9129643821623,192.82060726016277,469.37591482224553,328.5019014585512,468.8562046236415,175.90209596864594,3.297471111711382,17.594939505416193,7.354003645500464,926.0088352241515,184.3985260279034,73.32887491907562,1.0,CRITICAL,100.0
2026-01-01 14:54:00,87.76431798207506,1283.9598795334616,195.62435015131783,478.7385563061719,308.5056660301233,468.12647700487946,176.17485982150305,3.112914008057239,17.774766486855224,7.923337098152508,925.9628463382219,185.14114730088042,74.51452200293609,1.0,CRITICAL,100.0
2026-01-01 14:55:00,86.29741977517928,1254.7110604672068,191.4170738224359,478.71779410723144,279.67313894234326,466.5164986455038,173.3254443980702,3.3901682116472447,17.81439724312047,7.834501973622291,914.3182224239889,182.34766793811417,76.02594139688112,1.0,CRITICAL,100.0
2026-01-01 14:56:00,84.66576383936629,1249.718673048104,197.33841454313966,474.5951437444189,260.44786820832155,446.5594555681956,169.9714216682292,3.766086468875763,17.286947821291296,8.543196881288019,889.1049081418154,179.0002883698542,72.64807507462345,1.0,CRITICAL,100.0
2026-01-01 14:57:00,85.29342737286665,1254.4330421312702,180.21811674677608,481.1210436849744,293.9009827163485,455.4917588258828,171.024027261833,3.4758825623053062,17.55456665786271,6.134546914188419,899.4953522545393,180.8660948469543,72.86244546036203,1.0,CRITICAL,100.0
2026-01-01 14:58:00,87.41301793301672,1268.0381103816476,193.16088449653208,484.04245363784054,303.1027124463161,474.97817004327817,175.8053901851411,3.2319750208690428,17.662273512101613,8.003887851016168,920.7451234462154,183.11586076464164,72.43308749688812,1.0,CRITICAL,100.0
2026-01-01 14:59:00,83.36612865802553,1254.183323807298,188.08502785961014,464.1807916019154,297.30148641964024,454.4338810251677,166.99500597252694,3.4028642510849907,17.65946997898249,6.715961116607954,881.7893364142208,177.76942878858307,73.26386810607958,1.0,CRITICAL,100.0
2026-01-01 15:00:00,85.7373466177458,1243.3120590557623,187.97244940737474,472.95661035522227,297.6952850180183,460.4934963633668,172.94809701874755,3.2024276593018755,17.785915206052792,7.729454133137585,902.7408999035592,182.1072760351338,72.28597298614987,1.0,CRITICAL,100.0
2026-01-01 15:01:00,84.21332237534529,1219.2399408350518,172.50238476350202,464.867710074589,270.65348512828353,446.75440193042084,169.45414621870725,3.2749627796537677,17.746454114459407,7.3848023962205565,889.4655056243374,177.18377316462744,72.17060218239355,1.0,CRITICAL,100.0
2026-01-01 15:02:00,85.05748964586964,1261.274517690251,195.1547441309616,483.26780476295676,290.1833640476473,453.50598461298796,171.32619677819,3.5777637820527426,17.324574186360902,7.118052443417927,893.0028261467057,177.8459020187869,76.00635787045944,1.0,CRITICAL,100.0
2026-01-01 15:03:00,87.5569037252146,1263.827651670408,199.42947976231386,476.99339364069147,300.80247819987983,471.2742300848561,175.88071314445608,3.265225334738794,17.750801551002965,6.687809780516254,928.3125396341205,184.13673530428778,76.06304964227029,1.0,CRITICAL,100.0
2026-01-01 15:04:00,85.3821981360398,1235.0483872750997,178.2832645248042,479.17347792169153,319.4277167707768,463.24651627626304,171.58079430497372,3.7225268610406603,17.235089785138694,6.303856744676585,903.409413765841,180.5217298106525,70.0492504134015,1.0,CRITICAL,100.0
2026-01-01 15:05:00,85.0928730963123,1257.5074196453916,196.2153400515656,470.55221931603,267.4464706421604,463.72290866628987,171.32952814520826,3.485775941833933,17.43766294246305,5.028083084474911,892.402692924243,182.76603809131538,69.5352780043449,1.0,CRITICAL,100.0
2026-01-01 15:06:00,82.28028771804016,1176.9927985216425,186.33711963029748,459.464806809362,258.71744804936964,441.68858540487946,164.9785501198774,3.517118940788905,17.55629169279182,7.559785807797139,868.6287276276681,175.10383240105458,70.69560927419364,1.0,CRITICAL,100.0
2026-01-01 15:07:00,86.49250713205444,1233.4981519331736,174.67250056638983,464.42888360509085,270.8369660936043,457.6303133269973,173.8060190469022,3.4443254064784212,17.40190381266858,7.765781661745891,916.6080784583553,181.17742461492742,71.76852447589395,1.0,CRITICAL,100.0
2026-01-01 15:08:00,86.29096836228216,1292.0523452173038,179.99713768171802,473.31769442935564,266.98555350840525,468.6051105762171,173.1521299676251,3.654569567708745,17.40190805872267,7.142607328993092,910.1945738908927,181.89228121966337,75.32986818509173,1.0,CRITICAL,100.0
2026-01-01 15:09:00,89.32650944661091,1303.8840265931262,207.88687705253733,484.19395948576033,319.0191298908396,476.2392403190244,179.20773448792633,3.6566319775554024,17.411816635799898,9.246757203500257,939.7803871654186,188.59980645694884,76.54573368721869,1.0,CRITICAL,100.0
2026-01-01 15:10:00,84.384443530094,1246.2383182503927,188.60015697252905,467.3914981586955,286.4988441167245,453.30323761144507,168.71396793987518,3.5670108703824344,17.345024762062444,6.706063438337337,893.4714719158997,179.0225706144861,72.83832436212293,1.0,CRITICAL,100.0
2026-01-01 15:11:00,85.43830065532788,1285.0603095805293,183.23132876130478,481.77107341813684,331.71457108046883,467.9220767791176,172.54626460539575,3.6129578211815296,17.30500933270522,9.2072136667683,906.1009942291699,179.56185245034533,71.9371541609776,1.0,CRITICAL,100.0
2026-01-01 15:12:00,85.49876736742151,1272.7147942283552,178.2014795879749,479.5946328184289,228.82095577789164,466.9685037352926,171.65426535826614,3.457582066015915,17.520115365857443,8.908487779963046,897.8059113890193,180.86254450686596,76.88178120451062,1.0,CRITICAL,100.0
2026-01-01 15:13:00,88.15490655952695,1306.445798746519,188.59426555798348,480.3982969449182,304.5561106652395,476.5486806992647,177.89150114663568,3.6084406013818096,17.419763019664416,5.787858676912986,934.2997080013588,185.59217398144335,81.20911270364249,1.0,CRITICAL,100.0
2026-01-01 15:14:00,84.8094089352261,1227.540391421599,184.14033358164252,454.53832500200144,256.91289167226864,450.83689788257425,171.15321403114936,3.4324244449052386,17.55229005591334,7.788697899217199,894.0926229442241,178.5150593078499,72.29035770066746,1.0,CRITICAL,100.0
2026-01-01 15:15:00,85.55804305154068,1269.6836465735241,183.57465191761133,469.60225318555183,313.61042098176586,461.8960429072902,171.4730862498231,3.5004463244324806,17.542909921586705,7.187276861375308,905.4907906741578,181.3756817497803,74.15251293806254,1.0,CRITICAL,100.0
2026-01-01 15:16:00,86.21579301943308,1213.511162177605,171.55492051431816,471.2748604262135,276.46448303824286,471.5097148300403,172.88738042102975,3.4450712501267406,17.731226715126997,4.9829982811982845,911.9808294908732,183.20546321230898,74.1674691016751,1.0,CRITICAL,100.0
2026-01-01 15:17:00,85.37321824631272,1226.3975438711009,200.79726984299276,471.75108073001894,247.83610536974263,456.8638777439181,173.02668797230328,3.408556292136161,17.540672030948866,5.893723295577369,901.0968518719283,181.58747776958705,72.77920087016804,1.0,CRITICAL,100.0
2026-01-01 15:18:00,84.10713277089894,1242.6673175578708,196.06317096154072,470.5039286660791,288.49684928498795,461.8016864399257,170.08972851276147,3.362177640455642,17.466304362474016,8.218818852166375,885.9530289783359,178.78865189293177,70.62156528125357,1.0,CRITICAL,100.0
2026-01-01 15:19:00,85.38817998579661,1255.7535647371508,177.94145902435235,469.3672817260355,313.62225630836616,466.475812943848,171.76060071492918,3.5935380207717773,17.489054337531286,9.547837865118753,902.4533671175049,180.27899043845295,71.14060801367634,1.0,CRITICAL,100.0
2026-01-01 15:20:00,87.14726349971954,1233.4439911400648,190.64634342999852,479.94937133134636,306.8309096782258,480.01001440423755,175.42321355264775,3.7621211825626926,17.40621027503006,8.09379485137243,929.5992865425715,185.0090767609026,72.44661626872458,1.0,CRITICAL,100.0
2026-01-01 15:21:00,82.94696940117788,1242.1371963982172,176.8880827003737,465.90069235185814,320.79629313769067,449.7354153131362,166.57851560088216,3.734220394333912,17.305056441971203,7.891712055653052,872.6613188594606,176.20299324046005,72.1680555720406,1.0,CRITICAL,100.0
2026-01-01 15:22:00,85.26593934829376,1229.4551582517943,184.89384219794192,465.0406527601813,290.02438926093566,463.8741117703739,171.7480550536877,3.2486869328109127,17.64253819965372,6.962988494482758,911.1209585784619,180.6658205795395,72.17340252222775,1.0,CRITICAL,100.0
2026-01-01 15:23:00,83.59975837012165,1232.8508704577848,181.82359540222888,457.2981841414171,268.65038550600383,458.9052035207016,167.84092578988205,3.7578406102813746,17.229770153395105,9.496749274976576,884.6989778458338,176.5878236185415,66.72322099581626,1.0,CRITICAL,100.0
2026-01-01 15:24:00,87.39009325784968,1315.1372352892968,186.99030269849254,486.5434061088178,299.90258886206357,471.894430678182,174.7640096335502,3.436368299676414,17.451779351902424,9.66223041192743,924.07778966394,184.28331038835785,75.80179104747639,1.0,CRITICAL,100.0
2026-01-01 15:25:00,81.95362619043244,1228.5211659262322,203.46439091926487,452.4550316683284,272.94475150699054,439.2643292704764,164.24647448760936,3.6201466030291183,17.444138946367175,6.756889449304685,864.1027078474008,173.98113931698944,70.48637838741764,1.0,CRITICAL,100.0
2026-01-01 15:26:00,83.88215630545682,1193.5774812798397,181.1875195251794,460.20899911224933,266.6167050224041,451.1988600494884,168.77485898483891,3.318756933590558,17.546114026139602,5.249701356001172,884.9652159711808,180.20418707789912,74.79907104716774,1.0,CRITICAL,100.0
2026-01-01 15:27:00,85.75442375012904,1233.5391660420873,180.97842374086537,474.18609623333003,277.8843965805228,464.1297940128494,171.94331388250677,3.5283959827748013,17.44159113854238,5.3314388278430425,905.0296892511003,181.81008998034946,74.34978379428524,1.0,CRITICAL,100.0
2026-01-01 15:28:00,88.13104805846868,1284.096609023606,187.72699390785692,481.03118516570595,327.4005444327159,469.59354474704855,177.22845738448058,3.5627446365793816,17.336821580791227,9.028358905391526,926.0820057302972,185.65090761468707,72.54749125415435,1.0,CRITICAL,100.0
2026-01-01 15:29:00,84.86849947785403,1267.7335432972877,199.71141815202904,478.1686596603537,281.84974356687337,457.7107875161088,170.19966843599164,3.2030790416160695,17.809603426897425,7.617263152846881,897.640404991686,178.90460951073862,68.43544630082326,1.0,CRITICAL,100.0
2026-01-01 15:30:00,83.8896009466136,1213.442543750117,171.05168728798483,463.99786126729003,236.21103783963437,457.71057544972757,168.3880249319762,3.621653433268838,17.341712399017386,7.471580526275181,886.8609300071021,177.287435280571,70.672735988615,1.0,CRITICAL,100.0
2026-01-01 15:31:00,88.76231413888118,1313.40298247717,184.60616299191884,494.6762102454099,319.55562635153996,466.20200237278783,178.95121093096895,3.769187001567663,17.248489208757363,5.455537105254997,946.8770471009905,189.70192172531142,74.75963646971765,1.0,CRITICAL,100.0
2026-01-01 15:32:00,82.10397219916752,1223.3344142580459,195.84570504340996,460.99216680662016,279.9006481614715,451.70480247057395,165.3316846721551,3.4650704108636745,17.537164644632963,6.943880699107428,865.2098510632728,173.80868775238906,72.56949616133434,1.0,CRITICAL,100.0
2026-01-01 15:33:00,80.60238808675983,1213.0860995220455,185.2540451265917,455.78999220138024,229.7888890862809,439.2409580376806,162.199943962863,3.7720336261656024,17.12930047106199,6.987814964714708,856.5373334513413,172.11164670812994,69.46416860482871,1.0,CRITICAL,100.0
2026-01-01 15:34:00,85.88002890010667,1259.9129458923376,192.49135698558072,484.3979189615707,265.0178182905074,462.629829378073,173.19953978674866,3.4620613013095185,17.600626405043386,7.725811315587922,910.0395204105757,181.38412955474197,75.97140011628235,1.0,CRITICAL,100.0
2026-01-01 15:35:00,83.99589155129478,1248.2750265766717,210.26064327988112,461.91324491871575,292.96434551135417,456.7729792270022,169.23208739926324,3.6699169062093233,17.325206528606365,7.138534353843523,884.6073127696886,178.25296764386917,69.54704712963056,1.0,CRITICAL,100.0
2026-01-01 15:36:00,82.95753436573857,1175.7093638275176,185.69181982615436,469.09262061246335,270.6807028707724,449.2706155834346,167.63835037710282,3.05628600680978,17.84486109240363,6.556292441216678,883.00948113465,176.70681400548585,73.29655626135175,1.0,CRITICAL,100.0
2026-01-01 15:37:00,86.4167128945987,1285.5251697006288,182.0841104175815,470.8737372780583,298.2757499148835,471.0645881901372,173.60349615803983,3.9837555558626927,17.240337099757888,6.972914136452038,912.175493881579,182.26152293938748,75.5753486225408,1.0,CRITICAL,100.0
2026-01-01 15:38:00,85.4876014275424,1284.4201122782329,182.13166324749923,474.54635437384223,307.3128589379951,467.7135591544951,171.76038536582104,3.7990916490485915,17.248551367623122,8.329434404887037,892.4140660175087,180.33409120093202,69.35361291917152,1.0,CRITICAL,100.0
2026-01-01 15:39:00,83.87184273852654,1231.050235174415,173.6684988053624,462.01645982420854,273.8439022265793,447.70830199158127,168.0931308438574,3.443074899149264,17.541599045510807,7.171436822025354,892.0176754457882,179.4025551715084,74.74270987334278,1.0,CRITICAL,100.0
2026-01-01 15:40:00,82.43939120265821,1252.9326217665716,198.2115982253032,462.88553256227993,280.7325907367425,447.0690531292653,165.6642920466302,3.1055821946712365,18.035938257998946,7.941922622587047,868.8092076060703,175.86337530021223,71.13842994565928,1.0,CRITICAL,100.0
2026-01-01 15:41:00,86.74491465656028,1262.270709832298,194.9299984017512,481.5641752348079,290.4414552530502,467.60265751021825,174.97221426027178,3.5576056736610977,17.626575887277564,7.141584711472326,912.2102718349074,184.2805016318113,75.18002073298524,1.0,CRITICAL,100.0
2026-01-01 15:42:00,86.30040235591733,1266.9439270381731,201.97570462398653,473.2932457550444,306.88383824599777,466.0130933084733,174.25079839796572,3.2112148905852487,17.77425016718336,5.152828744625589,916.4435339736352,183.38808100495757,72.31052965987702,1.0,CRITICAL,100.0
2026-01-01 15:43:00,84.80164827244124,1251.3751357175227,198.95130548215997,455.88230215042813,305.89974586225037,452.3413171019768,171.08344912892582,3.5889707075114976,17.445769041131978,7.526248833785269,896.2806753123201,180.06287203319354,75.39181264379694,1.0,CRITICAL,100.0
2026-01-01 15:44:00,88.69327399209533,1356.8799570557348,189.54591723531078,485.1982798026832,313.0326707739282,487.81029204323676,177.48945205091593,3.5823131438328564,17.31888657436685,6.575535035246296,941.5216006737107,189.40432379736572,73.58291453519853,1.0,CRITICAL,100.0
2026-01-01 15:45:00,82.85983046734769,1251.790879474701,172.5468344013013,464.5282491853033,245.19709707267575,453.8080377129013,167.26123354102575,3.311719366199595,17.673561358723603,7.3143777440326305,884.6491351503036,175.76356923657255,72.95204841062605,1.0,CRITICAL,100.0
2026-01-01 15:46:00,81.94894965815053,1237.2831245347854,182.5767122734131,461.9923497229603,264.4018339456319,438.24706054176335,163.978640004665,3.7241934047228757,17.25590033990114,10.08281198318629,866.2648542798937,174.47516168350197,72.20037467833777,1.0,CRITICAL,100.0
2026-01-01 15:47:00,83.61618386023751,1217.6131207335015,170.71439314066942,466.48861542526305,278.0397418452673,445.6441761002235,168.6814263825362,3.6611149405612347,17.35736776280093,8.010954569153432,890.1281510821503,175.781454791881,69.94461223184557,1.0,CRITICAL,100.0
2026-01-01 15:48:00,84.908827967289,1263.2205786902014,188.63901838869975,472.73954636287226,267.53406058078576,454.5798021088444,170.63376367129248,3.6951646674577128,17.338111380405987,10.17653807033868,895.3109756659255,178.99269524798675,76.89380957267636,1.0,CRITICAL,100.0
2026-01-01 15:49:00,85.48667889864538,1238.0903698736413,196.29004066888467,465.3459870191287,292.77229997559095,462.091446963418,172.32462445425767,3.5017715407337793,17.554211304149028,8.458957315656237,916.0323685721147,179.77253879745572,73.85240007935134,1.0,CRITICAL,100.0
2026-01-01 15:50:00,84.51752788428735,1243.887171106461,187.50688439903297,463.5544532724442,246.42801014198568,457.61469946881505,169.3688315946274,3.2168951866172586,17.80686907901274,7.1304554002900185,891.7104938202174,180.30911935209085,73.92180752797192,1.0,CRITICAL,100.0
2026-01-01 15:51:00,85.70411079302859,1272.469662452123,191.6109317941493,473.6927201247973,294.86446827488567,469.0509142714056,172.99380540241026,3.6955744544422275,17.183351282894858,7.91613760181837,912.1715451350859,178.85568143403643,70.50904704375137,1.0,CRITICAL,100.0
2026-01-01 15:52:00,82.4969211516191,1193.421454915287,183.74026752912715,467.28523906992825,262.42426310583653,449.0393410990257,165.26135493018577,3.4459257201728417,17.46022756925305,9.013685168195366,879.1881616455989,174.5915322804855,75.23299692731243,1.0,CRITICAL,100.0
2026-01-01 15:53:00,87.88752920814652,1273.960120363347,202.9005819909155,481.78758751976335,319.37757881736263,479.8093601639439,176.44083096086644,3.222043971361466,17.72331526669217,9.041328728847772,930.4557311920099,182.7813518136324,72.86090948606703,1.0,CRITICAL,100.0
2026-01-01 15:54:00,84.83569764321486,1225.4120140973876,178.6778894802897,464.05690388391577,275.75098015239325,460.13429779429885,170.1723479725452,3.7704078731948654,17.201368067612812,7.000900938078352,895.0042606250652,178.84010739094782,74.91833098010375,1.0,CRITICAL,100.0
2026-01-01 15:55:00,87.23459166317626,1289.1146219902218,172.38215127416453,481.3791927884452,283.7245951259513,464.04592696900175,174.59204089994128,3.919881504100502,17.185195924946708,7.962298989351217,921.5889291720556,183.97823437662066,72.79812989467761,1.0,CRITICAL,100.0
2026-01-01 15:56:00,85.68545069275541,1218.316218460462,195.10124776140768,463.73438488203897,288.5788833012267,461.19806241309243,172.41816516930504,3.4917503742041593,17.39195572711055,6.18829749900253,896.0865663628314,182.75577247930485,72.31038294850897,1.0,CRITICAL,100.0
2026-01-01 15:57:00,85.91350643830756,1291.0623023868918,198.2754932961034,485.00751027776147,304.9031361144755,469.7139602036135,173.7300574355336,3.9318242309206584,17.03243426426227,8.014289236809434,910.2571645749869,182.22364081583657,75.30831323841694,1.0,CRITICAL,100.0
2026-01-01 15:58:00,86.13953456046441,1286.9653109340065,195.94428458264787,484.3665343557716,303.20066147274633,464.0164107646538,174.61252173208882,3.51826294572227,17.577038004099133,9.24855498769352,913.1434222597861,181.44592759759985,75.96673307572185,1.0,CRITICAL,100.0
2026-01-01 15:59:00,85.89541712003464,1260.1255205031357,180.22823370054854,475.4067049853754,286.34548416369887,468.1459830055431,172.8394121336124,3.42390881916673,17.54610343338361,7.66757274424644,909.6216682956532,182.8567979598011,71.17376519779951,1.0,CRITICAL,100.0
2026-01-01 16:00:00,86.28544551973509,1254.4877498477404,176.42901897468658,471.26404738193264,277.2547038285153,463.0126145534451,174.12923167700396,3.3739083091629043,17.67213325582138,6.511416023782818,897.9879243408882,182.58872329399995,76.20930075390207,1.0,CRITICAL,100.0
2026-01-01 16:01:00,87.65830506026487,1283.5041157723745,195.2152534617211,491.227639966269,295.6857219844977,469.4048867910042,176.432657439494,3.8274164815985485,17.158629314108662,7.624834660187485,920.2548683771996,185.354176979237,77.21660503847829,1.0,CRITICAL,100.0
2026-01-01 16:02:00,85.39304233940294,1273.0853000936797,188.4463976223231,473.9032007287302,280.60313279436826,460.20080389271277,172.03552627618998,3.3439712237224457,17.681707102010026,8.124007823731636,900.1899684797861,179.5834131710339,71.43852705383257,1.0,CRITICAL,100.0
2026-01-01 16:03:00,86.41800751517702,1248.4885656136355,186.25596971066173,482.0970907843528,294.3935683537037,466.44152764103205,173.66494070479044,3.6470538619949977,17.33009888362405,7.5107915713058535,915.6383698177154,181.8460013164509,77.33170119932385,1.0,CRITICAL,100.0
2026-01-01 16:04:00,84.82052861142554,1258.974453868394,207.90159248126687,468.4633997724922,278.8536839617127,455.7334940333001,170.7385956855624,3.3881672329881583,17.678539314284677,8.15545931482689,899.6519806424703,178.81595992290556,69.94270763264436,1.0,CRITICAL,100.0
2026-01-01 16:05:00,87.88023443089895,1306.04896750189,181.83464190379544,483.69483858733946,302.23151558375594,472.75964811511693,177.02920821410112,3.4079386474851274,17.437555711774227,7.476523932350002,927.9512253491337,185.8069301349521,74.05464237916394,1.0,CRITICAL,100.0
2026-01-01 16:06:00,83.64721539588146,1245.9719090212757,203.9262032418106,465.3550578580125,273.17930918211124,447.56682290633154,168.00520092732475,3.7060499387939134,17.25761886036723,8.349965571769626,889.6483816418344,177.3723165187436,72.87577756488915,1.0,CRITICAL,100.0
2026-01-01 16:07:00,88.60188086582163,1285.6611587550258,192.0799576146115,474.3541838681917,254.64481978058006,484.75976628131764,178.16501458169677,3.4239926307421293,17.6056646369273,8.233165765047847,930.8875967817017,188.7478543951673,74.17437212325208,1.0,CRITICAL,100.0
2026-01-01 16:08:00,84.91968409871131,1260.0425083175642,165.3826147782612,478.97547882573775,276.89345572946786,457.12040434504223,170.8101531379239,3.4190409241159414,17.63432860068468,6.535911870647166,902.2480160155831,180.22442336536045,73.46338545032773,1.0,CRITICAL,100.0
2026-01-01 16:09:00,82.1384497957639,1241.7721280483634,181.9557628672373,469.5421018751366,265.05008753582956,450.76158719486017,165.69010125019307,3.7265609394349615,17.422734322840423,6.2708923028688925,873.7582084818384,171.5693338978557,71.19291199421772,1.0,CRITICAL,100.0
2026-01-01 16:10:00,85.25620882982157,1273.5696777042208,193.6547640598872,471.41308562767983,285.1643112952505,469.0967359495723,170.9794015738293,3.8194794586443246,17.14141807466912,6.971849123520149,904.4498619624053,180.77505964751484,72.83081852401183,1.0,CRITICAL,100.0
2026-01-01 16:11:00,83.63789668505024,1166.4964482842006,181.66902660735474,447.27868349926456,283.0405900675837,451.1742217891792,168.25002226579664,3.6289379606568466,17.519010215529242,8.447254092248029,885.4687646950741,175.82577701393294,73.57511842522132,1.0,CRITICAL,100.0
2026-01-01 16:12:00,86.68128709797745,1242.3027560718067,172.53751515691658,481.0865595670466,262.4844075613172,462.9682592371165,175.31857693048124,3.36904604487521,17.56505157245882,7.901639403003443,925.9665901039308,182.39660327134337,73.88830809306668,1.0,CRITICAL,100.0
2026-01-01 16:13:00,83.69475204139522,1258.9914653508047,187.87153474259276,465.991441441528,273.8675462268362,438.79275378543343,168.9715341590834,3.397878300140484,17.734986341013983,7.037984030743232,889.4134988564015,176.57733461106412,72.41888377074379,1.0,CRITICAL,100.0
2026-01-01 16:14:00,84.10763313357045,1210.7836602480165,179.41245140578803,468.1340422513144,252.07688932386728,446.7838610348641,169.88985579158523,3.5159830527480076,17.565763659921828,8.216114025022971,886.2346520194367,177.55192794362858,74.57905026183217,1.0,CRITICAL,100.0
2026-01-01 16:15:00,81.22091853810893,1216.3547735645845,186.96102940058597,454.28748732105066,265.91955852738033,431.05860366920894,163.45405299630687,3.5641860123851314,17.344468129651645,7.006657509674247,863.4507127597693,171.06668768417757,71.55810725053882,1.0,CRITICAL,100.0
2026-01-01 16:16:00,84.09538736150185,1245.1540076942326,196.40449255823825,473.4092052724811,306.5687353276976,462.89105882923616,169.35127350484672,3.3024268179720457,17.728277105753136,8.88276769004547,894.7162905003895,178.39425672645598,73.8483444708299,1.0,CRITICAL,100.0
2026-01-01 16:17:00,80.15224134674209,1191.0738931767296,167.9730259877006,461.6355997324188,254.03240550512132,434.5304335012266,161.80560077683563,3.644607587915973,17.350268828530808,7.562782099500802,848.5818704727993,168.8936804083932,66.82343387296011,1.0,CRITICAL,100.0
2026-01-01 16:18:00,81.83219435302856,1217.586161994999,176.77720973572653,457.0777827664631,293.20236150764487,444.40430185073217,165.44451647082258,3.51710266592792,17.545455793439583,6.880916143537308,873.768304764941,174.02105631330696,71.5153406334255,1.0,CRITICAL,100.0
2026-01-01 16:19:00,86.5208293122886,1273.2994860684626,197.7472894869397,472.4632489031028,270.78923701643515,455.563453585956,173.06585716813575,3.156858336272374,17.820814504884293,7.203531107401687,917.118461651466,185.27862970163883,72.45966586789187,1.0,CRITICAL,100.0
2026-01-01 16:20:00,86.57160031730166,1298.2062888695314,181.79699785563022,479.21258859460374,310.7513425622483,459.71313705956635,173.48547998107838,3.314214703507854,17.655060673925973,8.681309465376156,904.0036114846898,181.81384157566924,71.69445029428528,1.0,CRITICAL,100.0
2026-01-01 16:21:00,85.85091512356993,1232.2167454970922,180.49949832728845,476.0882606525655,300.0701351095382,469.49772991561326,173.3565522978412,3.399174265269667,17.737735193006618,6.779253222404787,910.007511122389,181.41731994280065,73.53731940628602,1.0,CRITICAL,100.0
2026-01-01 16:22:00,83.06604771374157,1253.1955072928995,174.27714445820942,475.51760562916684,305.3987030611156,452.0936850055688,166.99365074959874,3.485428462231789,17.504699448322643,8.060438165723557,878.630331365352,173.60863806497068,69.64424779769008,1.0,CRITICAL,100.0
2026-01-01 16:23:00,84.90457728771604,1264.7181658886743,191.4546993868053,467.45041287419724,227.3035198570976,457.869116557958,170.47329418080304,3.8778557591007994,17.204786473318375,7.50270694202014,901.7316719498691,179.50821928246194,74.50489726785278,1.0,CRITICAL,100.0
2026-01-01 16:24:00,84.99279492181887,1246.2387620410955,187.27099470544636,474.99808993453127,320.8673775944212,463.2679992907734,170.35850935013994,3.5476342612279255,17.429830590267652,7.569091672556358,904.6490234194478,180.62830699626923,74.62330685684574,1.0,CRITICAL,100.0
2026-01-01 16:25:00,82.68327062161491,1247.9484895674668,175.264353038073,452.3749306509038,281.3990673308255,454.6059610470188,166.08903289245777,3.331845622020275,17.834820703902476,6.727617186876525,877.8085164518582,176.0871804745871,67.34136402442904,1.0,CRITICAL,100.0
2026-01-01 16:26:00,88.0067966035343,1298.633693992902,191.8156309993923,487.69331534342524,276.062685213386,472.5780956687606,176.3124085653567,3.5441261608614325,17.38804037620502,7.49889682683307,938.3942272050665,186.0909569373527,73.74883220367366,1.0,CRITICAL,100.0
2026-01-01 16:27:00,86.75472458115134,1273.4258945798238,205.5901554618316,476.3426099822313,273.39275374730653,468.3674202637283,175.55499629866893,3.4295824505092236,17.50900319636606,8.075028608328234,916.6537113886959,184.39871258706165,71.48420632108508,1.0,CRITICAL,100.0
2026-01-01 16:28:00,84.55807165234067,1244.4918076999897,174.83609845998095,475.2835892025957,266.7265004118972,457.87595103649585,170.10492527869107,3.5649516479067085,17.58750007020488,6.268709000649881,898.7048056386761,181.66219784062415,71.72119876868676,1.0,CRITICAL,100.0
2026-01-01 16:29:00,85.05377167798906,1242.9172016057194,172.88658477803594,468.06970204055915,303.5739743307448,471.1968902133879,171.07856808509678,3.616113537407123,17.33939182350335,5.939350807490691,904.5624296480773,181.81984804341573,73.9533686821289,1.0,CRITICAL,100.0
2026-01-01 16:30:00,85.4167656158951,1245.6560089061377,195.70869229155352,466.4227853746549,249.56526783064035,450.45416728561787,172.12756956937412,3.7418461294447876,17.41826130117165,6.63863194145932,903.6809263144874,180.31101030238057,72.84883629635931,1.0,CRITICAL,100.0
2026-01-01 16:31:00,80.91653026315142,1231.8970594061016,181.4750203964962,454.3269676683474,249.7309445736574,441.20509419125955,163.3142331109361,3.495142700865995,17.594041357093488,6.386772684587017,863.059174171403,170.3819565398361,68.55370572918686,1.0,CRITICAL,100.0
2026-01-01 16:32:00,84.5056452349588,1252.466797578069,179.80229070685468,462.90079556964815,277.7082225777892,454.55361890225765,170.48423454819493,3.8277921055199666,17.15674292382395,8.293973914076915,892.0830874137772,178.6051390533438,75.20486924159333,1.0,CRITICAL,100.0
2026-01-01 16:33:00,83.63603150400441,1241.841693547073,191.5504316897534,471.13283867735845,276.20240099641103,455.0835099759418,168.8088739799626,3.6816045325072384,17.13706612029105,5.644549664989771,884.247472944938,176.32508024239146,67.29911085801096,1.0,CRITICAL,100.0
2026-01-01 16:34:00,82.99675998021017,1239.0785137964033,190.98355449695867,453.06741751972544,277.77539008338476,445.6453122301527,166.6780971850249,3.3585120910375625,17.639556078535257,7.560369000160666,873.4051563504202,176.44486750828497,73.8711517712046,1.0,CRITICAL,100.0
2026-01-01 16:35:00,84.4377994142281,1260.3852634211214,164.72887995957896,472.1740865160939,300.13721243350903,455.712849830281,169.72666542597776,3.9419711331496927,17.06819187220365,8.508619922217935,895.5850397241312,177.6944052890267,71.46166294507151,1.0,CRITICAL,100.0
2026-01-01 16:36:00,88.59537305369905,1257.1019885250184,186.8825855675192,473.88634807851895,281.7908986562484,482.5132621773756,178.57526193511924,3.5653989026540196,17.551322870676415,7.317155570405206,937.5799889162622,187.11792367480774,75.72008042273366,1.0,CRITICAL,100.0
2026-01-01 16:37:00,86.28168572253402,1279.7231524421602,210.11416974480636,469.997755262542,280.72881974585863,480.60422480528683,173.29967691424824,3.332975099205553,17.82586961841846,6.902846002862761,918.7131730182364,183.40138549960434,72.970621902587,1.0,CRITICAL,100.0
2026-01-01 16:38:00,83.85764202043441,1239.3693936029201,192.28886502312332,472.9951910049853,301.01057386978084,457.46276102377345,168.71273072485522,3.8305826102460845,17.100918671839544,7.839653403659759,892.5321202261235,177.61458816805165,75.17188982742577,1.0,CRITICAL,100.0
2026-01-01 16:39:00,86.14516556271232,1249.9495639226157,195.66826662939047,473.40429112880247,289.56120312633294,459.13949410818276,173.48971300763705,3.9155555170396887,17.16456265935913,7.800461865799022,910.0276778438861,181.34401730267683,71.45417545655934,1.0,CRITICAL,100.0
